/*******************************************************************************
 * Size: 32 px
 * Bpp: 2
 * Opts: --font /tmp/Roboto-Regular.ttf --size 32 --bpp 2 --format lvgl --lv-include lvgl.h --lv-font-name ui_font_roboto_32 -r 0x20-0x7E,0xA0-0xFF -o src/ui/assets/ui_font_roboto_32.c --force-fast-kern-format
 ******************************************************************************/

#ifdef LV_LVGL_H_INCLUDE_SIMPLE
#include "lvgl.h"
#else
#include "lvgl.h"
#endif

#ifndef UI_FONT_ROBOTO_32
#define UI_FONT_ROBOTO_32 1
#endif

#if UI_FONT_ROBOTO_32

/*-----------------
 *    BITMAPS
 *----------------*/

/*Store the image of the glyphs*/
static LV_ATTRIBUTE_LARGE_CONST const uint8_t glyph_bitmap[] = {
    /* U+0020 " " */

    /* U+0021 "!" */
    0x7d, 0x7, 0xff, 0x6f, 0x43, 0xff, 0x91, 0xe4,
    0x3f, 0xbd, 0x20, 0x50, 0x20,

    /* U+0022 "\"" */
    0xf2, 0x5c, 0x1f, 0xfc, 0x44, 0x2c, 0x3f, 0xf9,
    0xb, 0x3, 0x40,

    /* U+0023 "#" */
    0xf, 0x9f, 0x6, 0xf2, 0x1f, 0xd8, 0x87, 0x90,
    0xfe, 0x4c, 0x24, 0x3f, 0xf8, 0xd8, 0x87, 0xff,
    0x1, 0x9, 0x30, 0xfe, 0x43, 0xf2, 0x1d, 0xfa,
    0x7, 0xe0, 0x7c, 0x87, 0xff, 0x27, 0xf0, 0x2f,
    0x91, 0xf9, 0xf, 0xc8, 0x49, 0x87, 0xf2, 0x1f,
    0x90, 0xfe, 0xc4, 0x3f, 0xf8, 0xd8, 0x48, 0x7f,
    0xf0, 0x10, 0xec, 0x43, 0xdf, 0x81, 0x7c, 0x8f,
    0xc1, 0xff, 0xca, 0xf9, 0x1f, 0xc0, 0xfc, 0x1f,
    0xfc, 0x4, 0x3f, 0xf8, 0x9, 0x85, 0x88, 0x7f,
    0xf0, 0x10, 0x93, 0xf, 0xe4, 0x3f, 0xf8, 0xd8,
    0x87, 0x90, 0xf0,

    /* U+0024 "$" */
    0xf, 0xbd, 0x7, 0xff, 0x81, 0x2, 0x83, 0xfb,
    0xd0, 0x56, 0x87, 0xb0, 0xfd, 0x40, 0xd0, 0x5f,
    0x90, 0x21, 0x90, 0x61, 0xa4, 0x10, 0x10, 0x21,
    0xe8, 0x8, 0x7f, 0xf4, 0x6a, 0x2, 0x5, 0x7,
    0x96, 0x9, 0x5, 0x3, 0xfe, 0x90, 0x3c, 0x87,
    0xf5, 0x2, 0x6d, 0xf, 0xcf, 0x6, 0xb0, 0xfe,
    0x7c, 0x85, 0x87, 0xfd, 0x61, 0x41, 0xff, 0xc0,
    0xc0, 0x83, 0xc8, 0x7e, 0x43, 0xd8, 0x7f, 0xf0,
    0xd0, 0xfc, 0x86, 0x41, 0x7, 0xa0, 0xe8, 0xf,
    0x2a, 0xd0, 0x61, 0x61, 0x34, 0x42, 0x83, 0xb8,
    0x3c, 0xe8, 0x79, 0xf0, 0x3d, 0x7, 0xff, 0x60,

    /* U+0025 "%" */
    0xa, 0xfa, 0xf, 0xfe, 0x1b, 0xa1, 0x38, 0x7f,
    0xf0, 0xa1, 0xf8, 0x10, 0x72, 0x1e, 0x41, 0x5,
    0x8, 0x66, 0xc3, 0xff, 0x80, 0x87, 0xa3, 0xf,
    0xfe, 0x2, 0x1d, 0x8, 0x79, 0x4, 0x14, 0x20,
    0x51, 0x7, 0xd0, 0xfc, 0x8, 0x11, 0x87, 0xe7,
    0x42, 0x70, 0x42, 0x1f, 0xf5, 0xf4, 0x5, 0x10,
    0x7f, 0xf1, 0xa3, 0xf, 0xfe, 0x34, 0x20, 0x7d,
    0x21, 0xff, 0x28, 0x8e, 0x3, 0x40, 0xff, 0x46,
    0x40, 0xf4, 0x28, 0x3f, 0x42, 0x4, 0xc0, 0xc4,
    0x1f, 0x28, 0x83, 0xf2, 0x1f, 0xd1, 0x81, 0xf,
    0xfe, 0x1c, 0x21, 0xff, 0xc6, 0x51, 0x4, 0x87,
    0x90, 0xf9, 0x58, 0x7d, 0x85, 0x8, 0x7a, 0xf,
    0x60, 0xf8, 0x10, 0x7f, 0xf0, 0xb4, 0x27, 0x0,

    /* U+0026 "&" */
    0xe, 0xbf, 0x41, 0xff, 0xc0, 0xd0, 0xce, 0x87,
    0xf6, 0x15, 0x10, 0x41, 0xf9, 0xb, 0x54, 0x81,
    0xf, 0xb0, 0x41, 0xa0, 0xff, 0xe3, 0x21, 0xfe,
    0xc1, 0x86, 0x80, 0x87, 0xc8, 0x14, 0x38, 0x20,
    0xfe, 0xc1, 0x50, 0x24, 0x3f, 0xd0, 0x11, 0xd0,
    0xff, 0xb0, 0xd0, 0x7f, 0xf0, 0x34, 0x36, 0x1c,
    0xa0, 0xd8, 0x1d, 0x4, 0x1a, 0x88, 0x20, 0x50,
    0x80, 0xc0, 0x43, 0x90, 0x21, 0x60, 0x63, 0x2,
    0x20, 0x43, 0xb0, 0x2c, 0x1f, 0xfc, 0x2c, 0x10,
    0x20, 0x20, 0x43, 0xe8, 0x32, 0x1e, 0x83, 0xd8,
    0x7e, 0xc0, 0xeb, 0x5a, 0x1b, 0xd, 0x85, 0x52,
    0x16, 0x14, 0x1b, 0x90, 0xcd, 0x98, 0x14,

    /* U+0027 "'" */
    0x7c, 0x1f, 0xfc, 0x24, 0x26, 0x80,

    /* U+0028 "(" */
    0xf, 0xfe, 0x1d, 0x87, 0xa4, 0x3c, 0xa2, 0xe,
    0x89, 0xd, 0x81, 0xc, 0x83, 0xe, 0x84, 0x39,
    0x6, 0x1d, 0x81, 0xe, 0x44, 0x39, 0x6, 0x1f,
    0xfc, 0x2c, 0x8, 0x72, 0x1f, 0xfe, 0x94, 0x3f,
    0x60, 0x43, 0xf6, 0x1c, 0x81, 0xf, 0x21, 0xfb,
    0x2, 0x1c, 0x82, 0xf, 0x41, 0xf9, 0x6, 0x1e,
    0xc0, 0x87, 0xa2, 0x43, 0x98, 0x83, 0xcc, 0x1f,
    0x9c,

    /* U+0029 ")" */
    0xf, 0xf6, 0x87, 0xea, 0x7, 0xa1, 0x41, 0xca,
    0x20, 0xf4, 0xc, 0x3d, 0x1, 0xe, 0x41, 0x7,
    0xa0, 0x21, 0xc8, 0x30, 0xfc, 0x87, 0x90, 0xfd,
    0x81, 0xf, 0xd8, 0x72, 0x1f, 0xf2, 0x1f, 0xfd,
    0x74, 0x39, 0xf, 0xfb, 0xe, 0xc0, 0x87, 0x21,
    0xfe, 0x43, 0x90, 0x41, 0xd0, 0x7c, 0x82, 0xe,
    0x85, 0x6, 0x41, 0x6, 0x62, 0xe, 0x89, 0xf,
    0x48, 0x7b, 0x43, 0xc0,

    /* U+002A "*" */
    0xe, 0x7c, 0x1f, 0xf2, 0x1f, 0xfc, 0xb4, 0x3f,
    0xf8, 0x37, 0x7, 0xaf, 0x8, 0x1f, 0x3, 0xc8,
    0x4e, 0x87, 0xe6, 0xa, 0xf0, 0x6f, 0x48, 0x74,
    0x19, 0xf, 0x94, 0x69, 0x7, 0xd0, 0x90, 0x30,
    0xe8, 0x10, 0x20, 0x21, 0xa6, 0x9, 0x52, 0x1d,
    0x21, 0xa4, 0x20,

    /* U+002B "+" */
    0xf, 0x94, 0x1f, 0xfc, 0x16, 0x88, 0x7f, 0xff,
    0xc3, 0xfe, 0xaf, 0x81, 0x5f, 0x2f, 0x83, 0x2f,
    0x83, 0xff, 0x89, 0xfe, 0x81, 0x7f, 0x83, 0xff,
    0xfe, 0x1f, 0xfc, 0x90,

    /* U+002C "," */
    0x7, 0xc1, 0xff, 0xc2, 0x44, 0x19, 0x1, 0x40,
    0x86, 0x88,

    /* U+002D "-" */
    0x17, 0xe1, 0xaf, 0x83, 0xfc,

    /* U+002E "." */
    0x14, 0x56, 0x9, 0xc1, 0x0,

    /* U+002F "/" */
    0xf, 0xe7, 0xc1, 0xfe, 0x84, 0x3f, 0xf8, 0x18,
    0x7f, 0x40, 0x43, 0xf9, 0x10, 0xfe, 0x41, 0x7,
    0xf6, 0x21, 0xfe, 0x4c, 0x3f, 0xa0, 0x21, 0xfc,
    0x88, 0x7f, 0x20, 0x83, 0xfb, 0xf, 0xfe, 0x2,
    0x41, 0xfc, 0x81, 0xf, 0xe8, 0x43, 0xff, 0x81,
    0x7, 0xf4, 0x1f, 0xfc, 0x4, 0x83, 0xf9, 0x2,
    0x1f, 0xd0, 0x87, 0xff, 0x3, 0xf, 0xe8, 0x8,
    0x7f, 0x22, 0x1f, 0xc8, 0x20, 0xff, 0x30, 0x7f,
    0x80,

    /* U+0030 "0" */
    0xc, 0xdf, 0xa0, 0xfd, 0x44, 0x33, 0xc1, 0xd2,
    0x6, 0x88, 0x18, 0x32, 0xe, 0x55, 0x81, 0xa,
    0x4, 0x1e, 0x80, 0x81, 0x2, 0x1e, 0x41, 0x7,
    0xff, 0x21, 0xf, 0xfe, 0xe2, 0x1f, 0xff, 0x34,
    0x3c, 0x87, 0xff, 0x85, 0x2, 0x1e, 0x81, 0x2,
    0x4, 0x1e, 0x40, 0x84, 0x83, 0x95, 0x60, 0x43,
    0x48, 0x1a, 0x20, 0x60, 0xeb, 0x43, 0x3c, 0x10,

    /* U+0031 "1" */
    0xf, 0x9d, 0xc, 0xfa, 0x9, 0xb8, 0x39, 0x90,
    0xff, 0x3e, 0x42, 0x7d, 0x7, 0xff, 0xfc, 0x3f,
    0xff, 0xe1, 0xff, 0xc4,

    /* U+0032 "2" */
    0xc, 0xdf, 0xa4, 0x3e, 0xe4, 0x33, 0x40, 0xec,
    0x26, 0x88, 0x18, 0x2c, 0xf, 0x2a, 0xc0, 0xa0,
    0xe8, 0x3c, 0x83, 0x10, 0x41, 0xf4, 0x1c, 0xa0,
    0xff, 0xe0, 0xb4, 0x43, 0xe4, 0x18, 0x7f, 0xf0,
    0x20, 0x21, 0xff, 0x20, 0x43, 0xff, 0x81, 0x2,
    0xf, 0xfb, 0x6, 0x1f, 0xf6, 0x8, 0x3f, 0xec,
    0x12, 0x1f, 0xec, 0x12, 0x1f, 0xec, 0x12, 0x1f,
    0xec, 0x12, 0x1f, 0xe8, 0x12, 0x1f, 0xe9, 0x14,
    0x1f, 0xe9, 0x6, 0xbf, 0xe1, 0xa, 0xbf, 0xe0,
    0xff, 0xe2, 0x0,

    /* U+0033 "3" */
    0xc, 0xdf, 0xa0, 0xf3, 0xc8, 0x67, 0x83, 0x41,
    0x34, 0x40, 0xc0, 0xc1, 0x72, 0xac, 0x8, 0x72,
    0x1e, 0x40, 0x8a, 0x83, 0xec, 0x19, 0x44, 0x3f,
    0xd8, 0x7f, 0xd0, 0x10, 0xfe, 0x70, 0x41, 0xef,
    0xd0, 0x24, 0x3f, 0xf8, 0xa, 0xf, 0xab, 0x23,
    0xa1, 0xe5, 0xd6, 0x8, 0x3f, 0xf8, 0x10, 0x20,
    0xff, 0x90, 0x22, 0x83, 0xff, 0x80, 0xd1, 0xf,
    0xfe, 0x14, 0x1f, 0x20, 0x50, 0x48, 0x7a, 0x4,
    0x40, 0xb5, 0xac, 0x8, 0x18, 0x2a, 0x90, 0x30,
    0x4f, 0x21, 0x9e, 0x0,

    /* U+0034 "4" */
    0xf, 0xf3, 0xf0, 0x7f, 0xf0, 0xa0, 0xff, 0xe2,
    0x41, 0xff, 0xc4, 0x50, 0x7f, 0xf1, 0x20, 0xff,
    0xe2, 0x40, 0xc3, 0xff, 0x82, 0xa2, 0xf, 0xfe,
    0x14, 0x4, 0x3f, 0xf8, 0x30, 0x30, 0xff, 0xe0,
    0xa8, 0x43, 0xff, 0x85, 0x2, 0xf, 0xfe, 0xc,
    0xc, 0x3f, 0xf8, 0x2a, 0x10, 0xff, 0xe1, 0x40,
    0x83, 0xff, 0x83, 0x1, 0x7e, 0x9, 0x60, 0x20,
    0x6b, 0xc1, 0x54, 0x87, 0xff, 0x1f, 0xff, 0xc1,
    0x7c, 0x87, 0xff, 0xf0,

    /* U+0035 "5" */
    0x5, 0xff, 0xf0, 0x48, 0x7f, 0xf1, 0x57, 0xf8,
    0x39, 0xaf, 0xe0, 0xff, 0xe4, 0x61, 0xff, 0x21,
    0xff, 0xc6, 0xbf, 0x41, 0xd8, 0x24, 0x33, 0xa1,
    0xf9, 0x60, 0xa0, 0xb0, 0x5d, 0x58, 0x58, 0x1f,
    0x21, 0xd8, 0x7f, 0xf0, 0xd0, 0x21, 0xff, 0x60,
    0xc3, 0xfe, 0x43, 0xff, 0x84, 0x84, 0xf9, 0xf,
    0xf6, 0x83, 0xf, 0xa0, 0x21, 0x28, 0x3a, 0xe,
    0xc1, 0x6b, 0x68, 0x30, 0xa0, 0xaa, 0xa, 0xc,
    0xf0, 0x75, 0xa0,

    /* U+0036 "6" */
    0xf, 0x37, 0xc1, 0xf9, 0xe4, 0x3f, 0xd4, 0x9,
    0xa0, 0x79, 0x40, 0xb9, 0x41, 0xe8, 0x1a, 0x1f,
    0xd0, 0x30, 0xff, 0x91, 0xf, 0xf9, 0x6, 0x5f,
    0x90, 0xd8, 0x3c, 0x86, 0xb0, 0x90, 0x20, 0x64,
    0x2c, 0x3d, 0x73, 0x61, 0x41, 0x94, 0x1d, 0x81,
    0xd, 0x7, 0xc8, 0x7f, 0xf1, 0x50, 0xff, 0xb0,
    0x90, 0xff, 0xe2, 0xa1, 0xf6, 0x6, 0x4, 0x1f,
    0x21, 0x90, 0x41, 0xd8, 0x20, 0x40, 0x75, 0x58,
    0x48, 0x58, 0x54, 0x42, 0xc3, 0xb9, 0x9, 0xb0,
    0x80,

    /* U+0037 "7" */
    0xff, 0xfe, 0x1c, 0x1f, 0xfc, 0x4a, 0xff, 0xe0,
    0x5, 0x2f, 0xff, 0x0, 0x8, 0x7f, 0xf0, 0x20,
    0x41, 0xff, 0xc0, 0x43, 0xff, 0x84, 0x82, 0xf,
    0xfe, 0x4, 0x4, 0x3f, 0xe4, 0x10, 0x7f, 0xf0,
    0x20, 0x21, 0xff, 0x20, 0x83, 0xff, 0x81, 0x1,
    0xf, 0xf9, 0x2, 0x1f, 0xfc, 0x8, 0x10, 0x7f,
    0xc8, 0x10, 0xff, 0xe0, 0x40, 0x83, 0xfe, 0x40,
    0x87, 0xff, 0x3, 0x4, 0x1f, 0xfc, 0x4, 0x3f,
    0xf8, 0x50, 0x20, 0xff, 0xe0, 0x20, 0x43, 0xfe,
    0x81, 0x7, 0xf0,

    /* U+0038 "8" */
    0xc, 0xdf, 0xa4, 0x3e, 0xa2, 0x19, 0xa0, 0x76,
    0x81, 0xa2, 0x6, 0x9, 0xb, 0x95, 0x60, 0x50,
    0x30, 0x41, 0xe8, 0x18, 0x72, 0x1e, 0x43, 0xf2,
    0x1e, 0x43, 0xb0, 0x61, 0xec, 0x10, 0x14, 0x32,
    0x7, 0x44, 0x34, 0x8d, 0xe8, 0x14, 0xe, 0x83,
    0xf2, 0x1c, 0xe0, 0x68, 0x83, 0x42, 0x60, 0x72,
    0xac, 0x10, 0x50, 0x30, 0xf6, 0xc, 0x3f, 0xf9,
    0x8, 0x7e, 0x43, 0xff, 0x86, 0x87, 0x90, 0xff,
    0xe0, 0xa0, 0x83, 0xd8, 0x10, 0x40, 0x79, 0x56,
    0x14, 0x16, 0x13, 0x44, 0x2c, 0x3b, 0x90, 0xcd,
    0x84,

    /* U+0039 "9" */
    0xc, 0xdf, 0x48, 0x7d, 0xc8, 0x4d, 0x87, 0x61,
    0x32, 0x16, 0x14, 0x7, 0x9b, 0x41, 0x1, 0x4,
    0x1d, 0x1, 0xc, 0x87, 0xd0, 0x14, 0xc, 0x3e,
    0x41, 0x87, 0xff, 0x9, 0xb, 0xf, 0xf9, 0x2,
    0x1f, 0xfc, 0x34, 0x3d, 0x86, 0x81, 0x40, 0x9c,
    0x39, 0x40, 0x7e, 0x84, 0x8, 0x28, 0x1e, 0xa0,
    0x79, 0xf5, 0x3c, 0xa0, 0x61, 0xe5, 0x5, 0x81,
    0xf, 0xf9, 0x10, 0xff, 0xb0, 0x61, 0xfc, 0xe0,
    0x50, 0x72, 0xae, 0x3, 0x7, 0xa8, 0x85, 0x40,
    0xff, 0x36, 0x86,

    /* U+003A ":" */
    0x7c, 0x40, 0x90, 0x75, 0x22, 0x83, 0xff, 0xac,
    0xa2, 0xa5, 0x3, 0x81, 0x0,

    /* U+003B ";" */
    0x5, 0xc1, 0x22, 0x83, 0x90, 0x76, 0x19, 0xf,
    0xff, 0x45, 0x41, 0x2c, 0x1f, 0xfc, 0x54, 0x8,
    0x30, 0x40, 0x40, 0x98, 0x56, 0x10,

    /* U+003C "<" */
    0xf, 0xf9, 0x83, 0xf9, 0xe4, 0x3e, 0x78, 0x3f,
    0x5c, 0x13, 0x85, 0x68, 0x57, 0xd, 0xa0, 0x6d,
    0xa, 0x40, 0xf2, 0x1f, 0xd8, 0x7e, 0x82, 0xb8,
    0x3c, 0xf9, 0x3, 0xe4, 0x3d, 0x68, 0x57, 0x7,
    0xad, 0x9, 0xc3, 0xeb, 0x83, 0xff, 0x80, 0xf2,

    /* U+003D "=" */
    0xbf, 0xff, 0x80, 0x87, 0xff, 0xb, 0xaf, 0xfe,
    0x2, 0xff, 0xf0, 0x83, 0xff, 0xa2, 0xbf, 0xfc,
    0x13, 0xaf, 0xfe, 0x2, 0x1f, 0xfc, 0x20,

    /* U+003E ">" */
    0x90, 0xff, 0xe0, 0x36, 0x87, 0xff, 0x6, 0xe0,
    0xfd, 0xa1, 0x3c, 0x87, 0xae, 0x40, 0xda, 0x1e,
    0x6e, 0xa, 0xe0, 0xf9, 0xf2, 0x5, 0x7, 0xe4,
    0x3f, 0xe7, 0x90, 0x28, 0x26, 0xe0, 0xae, 0x5,
    0xc8, 0x1b, 0x42, 0xd0, 0x9e, 0x43, 0xf5, 0xc1,
    0xf9, 0xb4, 0x3f, 0xc0,

    /* U+003F "?" */
    0x9, 0xbf, 0x21, 0xdc, 0x86, 0xb0, 0xb0, 0x96,
    0xb, 0x10, 0xba, 0xb0, 0x9c, 0x10, 0x74, 0xf,
    0x51, 0xe, 0x40, 0xb8, 0x3f, 0x90, 0xfe, 0x81,
    0x87, 0xf2, 0x4, 0x3f, 0x60, 0x83, 0xf6, 0x9,
    0xf, 0xb0, 0x48, 0x7d, 0x82, 0x43, 0xfe, 0x43,
    0xf2, 0x4, 0x3f, 0xca, 0xc3, 0xf9, 0xa2, 0x1f,
    0xfd, 0x77, 0xd0, 0x7f, 0x60, 0x43, 0xfa, 0x4,
    0x1c,

    /* U+0040 "@" */
    0xf, 0xf3, 0x7f, 0x48, 0x7f, 0xf1, 0x2e, 0x43,
    0x9b, 0x43, 0xff, 0x81, 0x68, 0xdf, 0xa4, 0x16,
    0x1f, 0xe9, 0x1e, 0x43, 0x37, 0x3, 0xf, 0xd2,
    0x50, 0x3f, 0xce, 0x98, 0x79, 0x46, 0x87, 0xff,
    0x6, 0x2, 0x1d, 0x10, 0x7a, 0xfa, 0x43, 0x64,
    0x1a, 0x2, 0x1d, 0xa1, 0x34, 0xf, 0x21, 0x24,
    0x1d, 0x83, 0xe4, 0x43, 0x46, 0x4, 0x8, 0x68,
    0x18, 0x72, 0x19, 0x10, 0x62, 0x1c, 0x90, 0x7f,
    0xf1, 0x13, 0xd, 0x1, 0xc, 0x87, 0xff, 0x19,
    0x10, 0xfb, 0xf, 0xf9, 0xf, 0x61, 0xff, 0xcb,
    0x40, 0x87, 0xff, 0x59, 0xf, 0xfe, 0xd2, 0x1f,
    0xf4, 0x1f, 0x42, 0x1f, 0x90, 0x41, 0x28, 0x3e,
    0x48, 0x9, 0x87, 0x94, 0x30, 0x50, 0x58, 0x85,
    0x88, 0x68, 0x17, 0x1c, 0x3f, 0xc, 0x12, 0x8,
    0x26, 0x9, 0xc6, 0x9, 0xa0, 0x74, 0x21, 0x9f,
    0xa0, 0x9f, 0xa4, 0x3c, 0x83, 0xf, 0xfe, 0x66,
    0xd, 0xf, 0xfe, 0x5e, 0xb, 0x43, 0xcc, 0x87,
    0xff, 0x7, 0x81, 0x7f, 0xa7, 0xf, 0xfe, 0x13,
    0xc8, 0x79, 0xe0, 0xfc,

    /* U+0041 "A" */
    0xf, 0xef, 0x83, 0xff, 0x8a, 0x84, 0x87, 0xff,
    0x12, 0xb, 0xf, 0xfe, 0x1a, 0x19, 0xf, 0xfe,
    0x1e, 0x8, 0x10, 0x7f, 0xf0, 0x91, 0x40, 0x43,
    0xff, 0x82, 0x83, 0x20, 0x21, 0xff, 0xc0, 0x80,
    0x88, 0x30, 0xff, 0xe1, 0x21, 0x22, 0x1f, 0xf4,
    0x8, 0x2c, 0x10, 0x7f, 0x90, 0xf2, 0x4, 0x3f,
    0x90, 0x41, 0xd0, 0x10, 0xfd, 0x1, 0xe, 0x41,
    0x87, 0xfc, 0xbf, 0x1, 0xf, 0xa0, 0xab, 0xe0,
    0x90, 0xf2, 0x1f, 0xfc, 0x18, 0x39, 0x5, 0xff,
    0xc8, 0x10, 0xd0, 0x10, 0xfe, 0xc1, 0x87, 0xff,
    0x15, 0x2, 0x14, 0x8, 0x3f, 0xe4, 0x8, 0x10,
    0x21, 0xff, 0x40, 0x84, 0x8, 0x7f, 0xf1, 0x10,

    /* U+0042 "B" */
    0x7f, 0xfd, 0x7, 0xff, 0x11, 0xe0, 0xfa, 0xb9,
    0x9, 0x83, 0x97, 0xd7, 0x1, 0xf, 0xfe, 0xa,
    0x80, 0x87, 0xff, 0x8d, 0x2, 0x1f, 0xf3, 0x82,
    0xe, 0x7f, 0xd0, 0x24, 0x3f, 0xf9, 0x75, 0xe4,
    0x14, 0xe, 0x5f, 0xac, 0xa, 0xf, 0xfe, 0xc,
    0x8, 0x3f, 0xf8, 0x28, 0x7f, 0xf9, 0x90, 0xff,
    0xe2, 0x40, 0x83, 0x2f, 0xd6, 0x12, 0x1d, 0x5e,
    0x40, 0xe1, 0xff, 0xc1, 0x68, 0x10,

    /* U+0043 "C" */
    0xf, 0x37, 0xe9, 0xf, 0xe7, 0x90, 0xcd, 0xa1,
    0xe6, 0x9, 0xa2, 0x14, 0x86, 0x60, 0x3c, 0xab,
    0x81, 0x6, 0x81, 0x40, 0xf2, 0x81, 0x1, 0x9,
    0xf, 0xd0, 0x10, 0x60, 0x83, 0xff, 0x86, 0x81,
    0xf, 0xf7, 0xc1, 0xff, 0xff, 0xf, 0xff, 0x82,
    0x4, 0x3f, 0xdf, 0x3, 0x4, 0x1f, 0xfc, 0x34,
    0x24, 0x3f, 0x40, 0x42, 0x81, 0x21, 0xe5, 0x2,
    0x9, 0x81, 0x72, 0xae, 0x4, 0x1c, 0xc1, 0x34,
    0x42, 0x90, 0xf3, 0xc8, 0x66, 0xd0, 0x80,

    /* U+0044 "D" */
    0x7f, 0xf4, 0x87, 0xff, 0x11, 0xb8, 0x3f, 0xab,
    0x21, 0x38, 0x7c, 0xbd, 0x78, 0x2c, 0x3f, 0xf8,
    0x5a, 0x8, 0x3f, 0xf8, 0x50, 0x10, 0xff, 0xe1,
    0xa0, 0x43, 0xff, 0x85, 0x2, 0xf, 0xff, 0xf8,
    0x7f, 0xfd, 0x60, 0x21, 0xff, 0xc2, 0x41, 0x7,
    0xff, 0x7, 0x2, 0x1f, 0xfc, 0x1c, 0x28, 0x39,
    0x7a, 0xf0, 0x58, 0x7d, 0x59, 0x9, 0xc3, 0xff,
    0x82, 0xdc, 0x1c,

    /* U+0045 "E" */
    0x7f, 0xff, 0x84, 0x1f, 0xfc, 0x9a, 0xff, 0x83,
    0x2f, 0xff, 0x0, 0x3f, 0xff, 0xe1, 0xfc, 0xff,
    0xf4, 0x1f, 0xfc, 0xaa, 0xff, 0x7, 0x2f, 0xf8,
    0x3f, 0xff, 0xe1, 0xff, 0xcf, 0x5f, 0xfe, 0x0,
    0x75, 0x7f, 0xc1, 0xff, 0xc5,

    /* U+0046 "F" */
    0x7f, 0xff, 0x83, 0x7, 0xff, 0x1e, 0xbf, 0xd8,
    0x4b, 0xff, 0xc0, 0xf, 0xff, 0xf8, 0x4b, 0xfe,
    0xf, 0x57, 0xf0, 0x7f, 0xf2, 0x1f, 0xfe, 0xf,
    0xff, 0xf8, 0x7f, 0xfc, 0x80,

    /* U+0047 "G" */
    0xf, 0x37, 0xe9, 0xf, 0xe7, 0x90, 0xcd, 0xa1,
    0xe6, 0x9, 0xa2, 0x15, 0x3, 0x30, 0x2e, 0x55,
    0xc0, 0x50, 0x50, 0x24, 0x3c, 0xc0, 0x80, 0x84,
    0x87, 0xe4, 0x3b, 0x4, 0x1f, 0xea, 0x80, 0x81,
    0xf, 0xf2, 0xc1, 0xff, 0xe5, 0x5f, 0xc1, 0xff,
    0x57, 0xe4, 0x3f, 0xfa, 0x3f, 0xc8, 0x7f, 0xf2,
    0xd0, 0x41, 0xff, 0xc3, 0x80, 0x87, 0xff, 0x1e,
    0xf, 0xfe, 0x1e, 0x6, 0xf, 0x94, 0x1e, 0x80,
    0xf4, 0x55, 0xc0, 0x50, 0x4e, 0x12, 0xa8, 0x85,
    0x40, 0xf7, 0x21, 0xcd, 0xa0,

    /* U+0048 "H" */
    0x7d, 0x7, 0xfd, 0xf0, 0x7f, 0xff, 0xc3, 0xff,
    0xfe, 0x1e, 0x7f, 0xfe, 0xf, 0xfe, 0x7d, 0x7f,
    0xc1, 0xf2, 0xff, 0xf0, 0x3, 0xff, 0xfe, 0x1f,
    0xff, 0xf0, 0xff, 0xe6, 0x80,

    /* U+0049 "I" */
    0x3e, 0xf, 0xff, 0xf8, 0x7f, 0x0,

    /* U+004A "J" */
    0xf, 0xfe, 0x7, 0xc1, 0xff, 0xff, 0xf, 0xff,
    0xf8, 0x7f, 0xff, 0xc5, 0x83, 0xff, 0x83, 0x50,
    0x7f, 0xf2, 0xd0, 0xe4, 0x18, 0x7a, 0x4, 0x8,
    0x2e, 0x55, 0x84, 0x85, 0x84, 0xd1, 0xb, 0xe,
    0xe4, 0x33, 0x61, 0x0,

    /* U+004B "K" */
    0x7d, 0x7, 0xf5, 0xf0, 0x7f, 0xf0, 0xa4, 0x18,
    0x7f, 0xf0, 0x64, 0x18, 0x7f, 0xf0, 0x64, 0x18,
    0x7f, 0xf0, 0x54, 0x8, 0x3f, 0xf8, 0x2c, 0x9,
    0xf, 0xfe, 0x3, 0x2, 0x43, 0xff, 0x80, 0xc0,
    0x90, 0xff, 0xe0, 0xc0, 0x50, 0x7f, 0xf0, 0x70,
    0x30, 0x7f, 0xf0, 0x1c, 0x24, 0x3f, 0xf8, 0xf8,
    0x7f, 0xf0, 0x9c, 0x28, 0x3f, 0xf8, 0xc, 0x60,
    0x50, 0x7f, 0xd0, 0x50, 0x20, 0xff, 0x21, 0x94,
    0xc, 0x3f, 0xf8, 0x70, 0x50, 0x7f, 0xf0, 0xf0,
    0x30, 0x7f, 0xf0, 0xe0, 0x28, 0x3f, 0xf8, 0x4c,
    0x8, 0x3f, 0xf8, 0x6a, 0x6, 0x1f, 0xfc, 0x38,
    0x28,

    /* U+004C "L" */
    0x7d, 0x7, 0xff, 0xfc, 0x3f, 0xff, 0xe1, 0xff,
    0xff, 0xf, 0xff, 0x7a, 0xff, 0xc1, 0xd5, 0xfe,
    0x43, 0xff, 0x86,

    /* U+004D "M" */
    0x7e, 0x83, 0xff, 0x85, 0xf9, 0xc, 0x87, 0xff,
    0x32, 0xf, 0xfe, 0x4, 0x1f, 0xe4, 0x3f, 0xf8,
    0x8, 0x7f, 0xc8, 0x7f, 0x90, 0xfe, 0x41, 0x7,
    0xfa, 0x2, 0x1e, 0xd0, 0xff, 0x90, 0x21, 0xfb,
    0x4, 0x1f, 0xb0, 0x41, 0xf9, 0x2, 0x1f, 0x90,
    0xff, 0x64, 0x4, 0x3d, 0x2, 0xf, 0xf2, 0x8,
    0x3c, 0x81, 0xf, 0xf9, 0x2, 0x19, 0x4, 0x1f,
    0xfc, 0x8, 0x18, 0x68, 0x8, 0x7f, 0xf0, 0xd0,
    0xf2, 0x1f, 0xfc, 0x28, 0x10, 0x20, 0x41, 0xff,
    0xc2, 0x40, 0x81, 0xf, 0xfe, 0x32, 0x5, 0x2,
    0xf, 0xfe, 0x24, 0xa, 0x1, 0xf, 0xfe, 0x2a,
    0x19, 0xf, 0xfe, 0x36, 0x1a, 0xf, 0xfe, 0x32,
    0x12, 0x1f, 0xfc, 0x88, 0x18, 0x7f, 0x80,

    /* U+004E "N" */
    0x7e, 0xf, 0xfb, 0xe0, 0xe8, 0x3f, 0xf8, 0xca,
    0xf, 0xfe, 0x34, 0x1f, 0xfc, 0x78, 0x3f, 0xf8,
    0xca, 0xf, 0xfe, 0x13, 0x2, 0xf, 0xfe, 0x1a,
    0x81, 0x7, 0xff, 0xe, 0x2, 0x83, 0xff, 0x87,
    0x2, 0xf, 0xfe, 0x1a, 0x81, 0x7, 0xff, 0xe,
    0x2, 0x83, 0xff, 0x87, 0x2, 0xf, 0xfe, 0x1a,
    0x81, 0x87, 0xff, 0xe, 0x9, 0xf, 0xfe, 0x1c,
    0x8, 0x3f, 0xf8, 0x6a, 0x6, 0x1f, 0xfc, 0x38,
    0x3f, 0xf8, 0xf0, 0x7f, 0xf1, 0x94, 0x1f, 0xfc,
    0x68, 0x3f, 0xf8, 0xf8, 0x60,

    /* U+004F "O" */
    0xf, 0x37, 0xe9, 0xf, 0xfb, 0x90, 0xcd, 0xa1,
    0xf3, 0x84, 0xb8, 0x29, 0xf, 0x40, 0x7a, 0xda,
    0x8, 0x3b, 0x3, 0x7, 0xa4, 0x18, 0x48, 0x50,
    0x7e, 0x82, 0x41, 0x82, 0xf, 0xf4, 0xc, 0x8,
    0x10, 0xff, 0x20, 0x43, 0xff, 0xfe, 0x1f, 0xff,
    0x74, 0x8, 0x7f, 0x90, 0x20, 0xc1, 0x7, 0xfa,
    0x6, 0x4, 0x28, 0x3f, 0x41, 0x21, 0x60, 0x60,
    0xf4, 0x83, 0xe, 0x80, 0xf5, 0xb4, 0x10, 0x79,
    0xc2, 0x5c, 0x14, 0x87, 0xee, 0x43, 0x36, 0x86,

    /* U+0050 "P" */
    0x7f, 0xfd, 0x21, 0xff, 0xc3, 0x6d, 0xf, 0x57,
    0x90, 0xa8, 0x19, 0x7e, 0xb8, 0xa, 0xf, 0xfe,
    0x2, 0x81, 0x87, 0xff, 0x6, 0x2, 0x1f, 0xfe,
    0x34, 0x8, 0x7f, 0xf0, 0x18, 0x18, 0x4b, 0xf5,
    0xc0, 0x50, 0x6a, 0xf2, 0x13, 0x7, 0xff, 0x5,
    0xe0, 0xe7, 0xff, 0x41, 0xff, 0xff, 0xf, 0xff,
    0xa8,

    /* U+0051 "Q" */
    0xf, 0x37, 0xe9, 0xf, 0xf3, 0xc8, 0x66, 0xc3,
    0xf3, 0x4, 0xb0, 0x6d, 0xe, 0x60, 0x3d, 0x5e,
    0x41, 0x7, 0x40, 0xa0, 0x7a, 0x41, 0x4, 0x84,
    0x87, 0xe8, 0x8, 0x50, 0x20, 0xff, 0x20, 0x43,
    0x90, 0xff, 0x60, 0xc3, 0xff, 0x88, 0x81, 0x10,
    0x21, 0xff, 0xff, 0x10, 0x21, 0xff, 0xd3, 0x40,
    0x87, 0x21, 0xfe, 0xc1, 0x82, 0x4, 0x1f, 0xe4,
    0x8, 0x10, 0x90, 0xfd, 0x1, 0xd, 0x2, 0x81,
    0xe9, 0x4, 0x19, 0x80, 0xf5, 0xb4, 0x18, 0x79,
    0x82, 0x5c, 0x14, 0x1f, 0x9e, 0x43, 0xe9, 0xf,
    0xe6, 0xfe, 0x41, 0x40, 0xff, 0xe1, 0xd0, 0xe,
    0x1f, 0xfc, 0x36, 0x6, 0x1f, 0xfc, 0x47, 0xc0,

    /* U+0052 "R" */
    0x7f, 0xfd, 0x7, 0xff, 0x15, 0xe0, 0xfd, 0x5c,
    0x84, 0xe1, 0xe5, 0xf5, 0xc1, 0x21, 0xff, 0xc1,
    0x60, 0x41, 0xff, 0xc2, 0x43, 0xff, 0xd2, 0x87,
    0xff, 0x11, 0x81, 0x7, 0x2f, 0xae, 0x2, 0x83,
    0xd5, 0xc8, 0x54, 0xf, 0xfe, 0x1e, 0x87, 0xcf,
    0xf2, 0x4, 0x3f, 0xf8, 0x50, 0x20, 0xff, 0xe1,
    0xa0, 0x83, 0xff, 0x85, 0x1, 0xf, 0xfe, 0x1a,
    0x8, 0x3f, 0xf8, 0x50, 0x10, 0xff, 0xe1, 0xc0,
    0x83, 0xff, 0x84, 0x81, 0x41, 0xff, 0xc2, 0x81,
    0x0,

    /* U+0053 "S" */
    0xe, 0xbf, 0xa4, 0x3e, 0xb4, 0x39, 0xa0, 0x74,
    0x84, 0xd1, 0x3, 0x84, 0xa0, 0x5c, 0xab, 0x41,
    0x82, 0x4, 0x87, 0xa0, 0x90, 0xc8, 0x7e, 0x81,
    0x87, 0xff, 0x5, 0x6c, 0x41, 0x7, 0xf5, 0x12,
    0x3, 0x7, 0xff, 0x6, 0x3, 0xe4, 0x3f, 0xce,
    0x85, 0x7a, 0xf, 0xeb, 0x43, 0x3c, 0x1f, 0xd7,
    0xa0, 0x9c, 0x3f, 0xe7, 0xc8, 0x30, 0xff, 0xe0,
    0xc8, 0x15, 0x40, 0xff, 0x60, 0xf2, 0xc1, 0xff,
    0xc1, 0xc1, 0x7, 0xf6, 0x12, 0x16, 0x1f, 0x28,
    0x19, 0x85, 0xd1, 0x57, 0x1, 0x40, 0xd0, 0x2a,
    0x88, 0x54, 0xd, 0x72, 0x19, 0xb4, 0x0,

    /* U+0054 "T" */
    0x3f, 0xff, 0x8a, 0x87, 0xff, 0x22, 0xbe, 0xa,
    0xbe, 0x45, 0xf8, 0x25, 0xf8, 0x3f, 0xff, 0xe1,
    0xff, 0xff, 0xf, 0xff, 0xf8, 0x7f, 0xff, 0xc3,
    0xff, 0xbe,

    /* U+0055 "U" */
    0xf8, 0x3f, 0xcf, 0xa0, 0xff, 0xff, 0x87, 0xff,
    0xfc, 0x3f, 0xff, 0xe1, 0xff, 0xc1, 0x43, 0xff,
    0x8e, 0x87, 0xf6, 0xf, 0x2, 0xf, 0xe4, 0xa,
    0xa, 0xf, 0xb0, 0x20, 0xc0, 0xf2, 0xd6, 0x14,
    0x16, 0x13, 0x52, 0x7, 0xe, 0xe4, 0x39, 0xe0,
    0x80,

    /* U+0056 "V" */
    0x7e, 0xf, 0xfe, 0x5, 0xf2, 0x1f, 0xfc, 0x34,
    0x10, 0x82, 0xf, 0xfe, 0x12, 0x40, 0x43, 0xfd,
    0x1, 0xf, 0x21, 0xfc, 0x82, 0xa, 0x6, 0x1f,
    0x90, 0xf9, 0x2, 0x1f, 0xb0, 0x41, 0xc8, 0x10,
    0xf9, 0x2, 0x1d, 0x83, 0xf, 0x20, 0x43, 0xc8,
    0x10, 0xf6, 0xc, 0x3e, 0x40, 0x87, 0x20, 0x43,
    0xe8, 0x18, 0x64, 0x8, 0x7f, 0xc8, 0x6c, 0x10,
    0x7f, 0x40, 0x42, 0x43, 0xff, 0x80, 0x82, 0x2,
    0x8, 0x3f, 0xe4, 0x34, 0x4, 0x3f, 0xec, 0x8,
    0x48, 0x7f, 0xf0, 0x10, 0x48, 0x20, 0xff, 0xe0,
    0xc0, 0x83, 0xff, 0x88, 0x86, 0x83, 0xff, 0x86,
    0x84, 0x87, 0xff, 0xf, 0x2, 0x1f, 0x80,

    /* U+0057 "W" */
    0x3e, 0xf, 0xef, 0x83, 0xf3, 0xe8, 0x40, 0x87,
    0xc8, 0x7f, 0xd8, 0x33, 0x6, 0x1f, 0x61, 0x21,
    0xf2, 0x4, 0x40, 0x87, 0xc8, 0x58, 0x7f, 0xf3,
    0xd0, 0xf2, 0x4, 0x24, 0x8, 0x72, 0x8, 0x3f,
    0x60, 0xc2, 0xc1, 0x87, 0x40, 0x41, 0x7, 0x20,
    0x42, 0x43, 0xfc, 0x84, 0x87, 0xff, 0xd, 0xc,
    0x83, 0x20, 0xf2, 0x4, 0x39, 0xf, 0x60, 0x44,
    0x8, 0x58, 0x30, 0xec, 0x8, 0x48, 0x87, 0x61,
    0x20, 0x43, 0x90, 0x61, 0xd8, 0x48, 0x87, 0xff,
    0xd, 0x4, 0x4, 0x2c, 0x3e, 0x43, 0xe4, 0x32,
    0x1e, 0x41, 0x8, 0x30, 0xfb, 0x2, 0x14, 0x1c,
    0x89, 0x81, 0xf, 0x90, 0x68, 0x10, 0xec, 0x24,
    0x3f, 0xf8, 0x2e, 0x1f, 0x90, 0x20, 0x43, 0xf9,
    0x2, 0x21, 0xfd, 0x3, 0xf, 0xec, 0x34, 0x1f,
    0x21, 0x90, 0xfe, 0x43, 0xff, 0x81, 0x87, 0xff,
    0x19, 0xf, 0xc8, 0x48, 0x7f, 0xc8, 0x30, 0xfe,
    0x41, 0x87, 0x0,

    /* U+0058 "X" */
    0x2f, 0x83, 0xfd, 0xf4, 0x8, 0x28, 0x3f, 0x21,
    0x41, 0x40, 0x43, 0xf4, 0x8, 0x32, 0x81, 0x87,
    0xa0, 0x28, 0x3a, 0x9, 0xc, 0xa0, 0x41, 0xf4,
    0x8, 0x34, 0x8, 0x3f, 0x28, 0x10, 0x20, 0x90,
    0xfe, 0x80, 0xa1, 0x6, 0x1f, 0xf4, 0xb, 0x4,
    0x1f, 0xfc, 0x5, 0x7, 0x21, 0xff, 0xc1, 0x83,
    0x61, 0xff, 0xc7, 0x43, 0xff, 0x85, 0x86, 0x83,
    0xff, 0x82, 0x87, 0xa0, 0xff, 0xe0, 0x40, 0xb0,
    0x21, 0xff, 0x60, 0x50, 0x83, 0xf, 0xe4, 0x28,
    0x10, 0x50, 0x7e, 0x81, 0x6, 0x80, 0x87, 0xd8,
    0x14, 0x19, 0x40, 0xc3, 0x90, 0xa0, 0xf4, 0x14,
    0x1a, 0x4, 0x1f, 0xa0, 0x21, 0x61, 0x21, 0xf9,
    0x40, 0xc0,

    /* U+0059 "Y" */
    0x7e, 0xf, 0xfa, 0xf4, 0x84, 0x87, 0xf2, 0x81,
    0x10, 0x20, 0xfe, 0x81, 0x1, 0xa, 0xf, 0x90,
    0x90, 0xb0, 0x21, 0xf4, 0x8, 0x39, 0x4, 0x1c,
    0x84, 0x87, 0x40, 0x43, 0xa0, 0x61, 0xf2, 0x8,
    0x24, 0x8, 0x7e, 0x80, 0x85, 0x2, 0xf, 0xe8,
    0x10, 0x81, 0xf, 0xf2, 0x5, 0x40, 0x83, 0xfe,
    0xc1, 0x2, 0xf, 0xfe, 0xa, 0x19, 0xf, 0xfe,
    0xc, 0x14, 0x1f, 0xfc, 0x64, 0x3f, 0xff, 0xe1,
    0xff, 0xf5,

    /* U+005A "Z" */
    0x7f, 0xff, 0x86, 0x87, 0xff, 0x15, 0xaf, 0xf9,
    0x9, 0x17, 0xff, 0x80, 0x8, 0x3f, 0xf8, 0x10,
    0x14, 0x1f, 0xf2, 0x81, 0x7, 0xff, 0x2, 0x4,
    0x1f, 0xfc, 0xc, 0xa, 0xf, 0xfa, 0xa, 0xf,
    0xf9, 0x40, 0xc3, 0xff, 0x81, 0x2, 0xf, 0xfe,
    0x4, 0x5, 0x7, 0xfc, 0xa0, 0x41, 0xff, 0xc0,
    0x81, 0x7, 0xff, 0x3, 0x2, 0x83, 0xfe, 0x82,
    0x83, 0xfe, 0x50, 0x30, 0xff, 0xe0, 0x40, 0x83,
    0xff, 0x81, 0x1, 0x41, 0xff, 0x28, 0x1a, 0xff,
    0xf0, 0x30, 0xab, 0xff, 0x82, 0x1f, 0xfc, 0x50,

    /* U+005B "[" */
    0x17, 0x8a, 0xf0, 0x7f, 0xdf, 0x7, 0xff, 0xfc,
    0x3f, 0xff, 0xe1, 0xff, 0xca, 0x58, 0x35, 0x41,
    0xf8,

    /* U+005C "\\" */
    0x3d, 0x7, 0xff, 0x1, 0xf, 0xf4, 0x4, 0x3f,
    0x90, 0x61, 0xfe, 0x44, 0x3f, 0xd0, 0x20, 0xff,
    0xe0, 0x21, 0xfe, 0x80, 0x87, 0xf2, 0xc, 0x3f,
    0xc8, 0x87, 0xfb, 0x2, 0x1f, 0xc8, 0x20, 0xff,
    0x21, 0xff, 0xc0, 0x81, 0x7, 0xff, 0x1, 0xf,
    0xf4, 0x4, 0x3f, 0x90, 0x41, 0xfe, 0x43, 0xff,
    0x81, 0x2, 0xf, 0xfe, 0x2, 0x1f, 0xe8, 0x8,
    0x7f, 0x20, 0xc3, 0xfc, 0x88, 0x7f, 0xb0, 0x21,
    0xfc, 0xc8,

    /* U+005D "]" */
    0x5f, 0x15, 0xe0, 0xfd, 0xf0, 0x7f, 0xff, 0xc3,
    0xff, 0xfe, 0x1f, 0xfc, 0xa5, 0x83, 0x54, 0x1f,
    0xf0,

    /* U+005E "^" */
    0xd, 0x78, 0x3f, 0x90, 0x21, 0xf2, 0x16, 0x1f,
    0x41, 0x21, 0xfd, 0x2, 0xe, 0x80, 0xa1, 0xe,
    0x48, 0x80, 0x85, 0x1, 0xd, 0x4, 0x88, 0x50,
    0x11, 0x6, 0x12, 0xc, 0x80, 0x86, 0x44,

    /* U+005F "_" */
    0x5f, 0xfe, 0x11, 0x5f, 0xfc, 0x24, 0x3f, 0xf8,
    0x60,

    /* U+0060 "`" */
    0x1a, 0x21, 0x96, 0x83, 0xa0, 0x41, 0x98, 0x50,
    0x65, 0x10,

    /* U+0061 "a" */
    0xc, 0xdf, 0xa0, 0xfb, 0x90, 0xce, 0x86, 0xc2,
    0xa9, 0x4, 0x14, 0x7, 0x5a, 0x41, 0x1, 0x4,
    0x1d, 0x1, 0x7, 0xc1, 0xff, 0xd2, 0x6f, 0xe0,
    0xf3, 0xc8, 0x7f, 0x98, 0x17, 0xf0, 0x74, 0xd,
    0xf, 0xfe, 0x2, 0x1f, 0xf2, 0x1f, 0xfc, 0x24,
    0xa, 0xe, 0xc3, 0x90, 0x56, 0xf0, 0x7a, 0x9,
    0x60, 0x28, 0x8, 0x38, 0x33, 0xda, 0x80,

    /* U+0062 "b" */
    0xf8, 0x3f, 0xff, 0xe1, 0xff, 0xc5, 0xbf, 0x21,
    0xf3, 0xa1, 0xac, 0x3d, 0xa, 0x90, 0xb0, 0xf5,
    0x4d, 0x84, 0x86, 0x90, 0xec, 0x10, 0x64, 0x3f,
    0xf9, 0x48, 0x10, 0xff, 0xb0, 0xff, 0xf0, 0x61,
    0xff, 0xc2, 0x40, 0x84, 0x87, 0xff, 0xa, 0x43,
    0xb0, 0x41, 0xd7, 0x36, 0x12, 0x1a, 0x3, 0x21,
    0x61, 0xce, 0x86, 0xb0, 0x80,

    /* U+0063 "c" */
    0xc, 0xdf, 0xa0, 0xfa, 0x88, 0x67, 0x43, 0x48,
    0x1a, 0x20, 0x90, 0x28, 0x1c, 0xaa, 0x2, 0x4,
    0xc, 0x39, 0x80, 0x84, 0x87, 0xc8, 0x34, 0x18,
    0x7e, 0xf4, 0x1f, 0xfc, 0x3c, 0x3f, 0xfa, 0x38,
    0x7f, 0xf0, 0x90, 0x61, 0xfa, 0x88, 0x48, 0x7c,
    0xb0, 0x20, 0x61, 0xe8, 0x8, 0xa0, 0x72, 0xac,
    0x10, 0x52, 0x6, 0x88, 0x24, 0x35, 0xa1, 0xad,
    0x0,

    /* U+0064 "d" */
    0xf, 0xfe, 0x7, 0xc1, 0xff, 0xff, 0xc, 0xfe,
    0x83, 0xf7, 0x6, 0x74, 0x3b, 0x9, 0xa2, 0x41,
    0x90, 0xb9, 0x56, 0x1d, 0x2, 0xf, 0x41, 0xf2,
    0x1e, 0x42, 0x40, 0x87, 0xff, 0xb, 0xf, 0xfb,
    0xf, 0xfe, 0x16, 0x1f, 0xfc, 0x5c, 0x3f, 0xe4,
    0x8, 0x7f, 0xf0, 0xd0, 0xf2, 0x1a, 0x4, 0x1c,
    0xc1, 0x90, 0xb9, 0x54, 0xf, 0x61, 0x34, 0x48,
    0x3d, 0xc1, 0x9d, 0x8,

    /* U+0065 "e" */
    0xe, 0xbf, 0x41, 0xf3, 0xa1, 0x9d, 0xc, 0xc0,
    0x68, 0x82, 0x42, 0x81, 0xca, 0xa0, 0x20, 0x40,
    0xc3, 0x94, 0x4, 0x43, 0xfb, 0x6, 0x81, 0x7f,
    0x7, 0xcd, 0x7e, 0x3, 0x87, 0xff, 0x16, 0xff,
    0xfe, 0x0, 0x30, 0xff, 0x90, 0x21, 0xff, 0xc3,
    0x43, 0xe4, 0x28, 0x12, 0x1c, 0xd8, 0x14, 0xa,
    0x2d, 0xc1, 0xd2, 0x6, 0xa0, 0xb0, 0xd6, 0x86,
    0x6c, 0x0,

    /* U+0066 "f" */
    0xf, 0x3f, 0x83, 0xdc, 0x1f, 0xd0, 0x4c, 0x87,
    0x20, 0xe6, 0xc, 0x81, 0xf, 0xfe, 0x97, 0xa0,
    0x3f, 0x7, 0xff, 0xf, 0xc8, 0x1f, 0x83, 0xb0,
    0xff, 0xff, 0x87, 0xff, 0xfc, 0x3f, 0xf8, 0x40,

    /* U+0067 "g" */
    0xc, 0xfe, 0x81, 0xf0, 0x5c, 0x19, 0xd0, 0xec,
    0x26, 0x89, 0x6, 0x42, 0xe5, 0x50, 0x3a, 0x4,
    0x1c, 0xc1, 0xf2, 0x1e, 0x42, 0x40, 0x87, 0xff,
    0xb, 0xf, 0xff, 0x6, 0x1f, 0xf2, 0x4, 0x3f,
    0xf8, 0x68, 0x79, 0xd, 0x2, 0xe, 0x60, 0xc8,
    0x5c, 0xaa, 0x7, 0xb0, 0x9a, 0x22, 0x1e, 0xe0,
    0xcf, 0x1, 0xc, 0xfe, 0x83, 0xff, 0x89, 0x3,
    0x7, 0x83, 0xca, 0x2, 0x20, 0xe5, 0xa8, 0x8,
    0xc, 0x6, 0xa4, 0x12, 0x13, 0xc8, 0x67, 0x40,

    /* U+0068 "h" */
    0xf8, 0x3f, 0xff, 0xe1, 0xff, 0x3f, 0xa0, 0xfb,
    0x83, 0x38, 0x76, 0x6, 0x42, 0xc3, 0xae, 0x6c,
    0x3e, 0x90, 0xe4, 0x8, 0x48, 0x7b, 0xf, 0xff,
    0xf8, 0x7f, 0xff, 0xc3, 0xe0,

    /* U+0069 "i" */
    0x7c, 0x40, 0x90, 0x77, 0x90, 0xd7, 0x90, 0xff,
    0xfa, 0x0,

    /* U+006A "j" */
    0xd, 0x78, 0x39, 0x2, 0x19, 0x2, 0x1a, 0xf0,
    0x7f, 0xf0, 0x6f, 0x7, 0xff, 0xfc, 0x3f, 0xff,
    0xc8, 0x65, 0x61, 0xd4, 0xa, 0xe, 0x64,

    /* U+006B "k" */
    0xf8, 0x3f, 0xff, 0xe1, 0xff, 0xc9, 0xbe, 0xf,
    0xf4, 0x83, 0xf, 0xe5, 0x3, 0xf, 0xe6, 0x6,
    0x1f, 0xcc, 0x8, 0x3f, 0x98, 0x12, 0x1f, 0x98,
    0x12, 0x1f, 0xd0, 0x48, 0x7f, 0xf0, 0xb0, 0xff,
    0x90, 0xa0, 0xfe, 0x6c, 0xa, 0xf, 0xd0, 0x20,
    0x41, 0xff, 0x28, 0x18, 0x7f, 0xd0, 0x50, 0x7f,
    0xd8, 0x14, 0x1f, 0xf4, 0x8, 0x3f, 0xe5, 0x3,
    0x0,

    /* U+006C "l" */
    0xbc, 0x87, 0xff, 0xfc, 0x3f, 0xf8, 0x20,

    /* U+006D "m" */
    0xf8, 0x17, 0xe8, 0x33, 0xfa, 0xf, 0x3a, 0x19,
    0xc1, 0xc1, 0x9d, 0xd, 0xc, 0xa0, 0xac, 0xc,
    0x85, 0x7, 0x73, 0x50, 0x11, 0xe6, 0xc2, 0x82,
    0x83, 0x94, 0x14, 0x1d, 0x1, 0x9, 0xf, 0xe4,
    0x3c, 0x87, 0xff, 0x7, 0x6, 0x1f, 0xff, 0xf0,
    0xff, 0xff, 0x87, 0xff, 0xfc, 0x3f, 0xf9, 0xa0,

    /* U+006E "n" */
    0xf8, 0xf, 0xe8, 0x3e, 0xe0, 0xce, 0x1d, 0x81,
    0x90, 0xb0, 0xeb, 0x9b, 0xf, 0xa4, 0x39, 0x2,
    0x12, 0x1e, 0xc3, 0xff, 0xfe, 0x1f, 0xff, 0xf0,
    0xf8,

    /* U+006F "o" */
    0xe, 0xbf, 0x48, 0x7c, 0xe8, 0x66, 0x81, 0xd4,
    0x3, 0x44, 0xe, 0x12, 0x81, 0xca, 0xb0, 0xa0,
    0x40, 0x83, 0xd8, 0x10, 0xe4, 0x3e, 0x40, 0xa0,
    0x21, 0xfb, 0x6, 0x16, 0x1f, 0x90, 0xb0, 0xff,
    0xe1, 0x21, 0xff, 0xc3, 0x70, 0x61, 0xf9, 0x9,
    0x2, 0x1f, 0xb0, 0x61, 0x90, 0xf9, 0x2, 0x40,
    0x83, 0xd8, 0x10, 0x28, 0x1c, 0xab, 0xa, 0xa,
    0x40, 0xd1, 0x3, 0x87, 0x5a, 0x19, 0xa0, 0x40,

    /* U+0070 "p" */
    0xf8, 0x17, 0xe4, 0x3e, 0x74, 0x35, 0x87, 0xa1,
    0xa2, 0x16, 0x1e, 0xe5, 0x58, 0x48, 0x6c, 0x3d,
    0x2, 0xf, 0xf9, 0xf, 0xfe, 0x1a, 0x4, 0x3f,
    0xec, 0x3f, 0xfc, 0x18, 0x7f, 0xf0, 0x90, 0x21,
    0xfe, 0x43, 0xec, 0x3d, 0x2, 0xe, 0xe5, 0x58,
    0x48, 0x64, 0x68, 0x85, 0x87, 0x5a, 0x1a, 0xc3,
    0xf5, 0xf9, 0xf, 0xff, 0xf8, 0x60,

    /* U+0071 "q" */
    0xc, 0xfe, 0x81, 0xe8, 0x2e, 0xc, 0xe8, 0x76,
    0x13, 0x44, 0x83, 0x21, 0x72, 0xac, 0x3a, 0x4,
    0x1e, 0x83, 0xe4, 0x3c, 0x84, 0x81, 0xf, 0xfe,
    0x16, 0x1f, 0xf6, 0x1f, 0xfc, 0x2c, 0x3f, 0xf8,
    0xb8, 0x7f, 0xc8, 0x10, 0xff, 0xe5, 0x21, 0xa0,
    0x61, 0xe8, 0x32, 0x17, 0x2a, 0xc3, 0xd8, 0x4d,
    0x11, 0xf, 0x70, 0x67, 0x83, 0xe7, 0xf4, 0x1f,
    0xff, 0xf0, 0xe0,

    /* U+0072 "r" */
    0xf8, 0x6f, 0x21, 0x32, 0x1e, 0x83, 0xfa, 0xf9,
    0xa, 0x43, 0xe4, 0x3f, 0xff, 0xe1, 0xff, 0xd1,

    /* U+0073 "s" */
    0xd, 0x7e, 0x90, 0xe7, 0x43, 0x36, 0x1a, 0x3,
    0x44, 0x2c, 0x10, 0x28, 0xab, 0x9, 0x10, 0x21,
    0xd0, 0x30, 0xff, 0x3e, 0x84, 0x1a, 0x1f, 0xd2,
    0xb, 0xd2, 0x1e, 0xa2, 0x13, 0x68, 0x73, 0x72,
    0x15, 0x87, 0xcd, 0xe0, 0xa1, 0x41, 0xf6, 0x5,
    0x54, 0x1f, 0xe4, 0xa, 0xe, 0x40, 0x90, 0x28,
    0xb5, 0x1, 0xc, 0x6, 0xa4, 0x10, 0x4e, 0x87,
    0x5a, 0x0,

    /* U+0074 "t" */
    0xb, 0xe0, 0xff, 0xeb, 0x7c, 0x17, 0xc8, 0x7f,
    0xbe, 0xa, 0xf2, 0x1e, 0x43, 0xff, 0xfe, 0x1f,
    0xfc, 0x94, 0x8, 0x7b, 0x5, 0x10, 0xc8, 0x4c,
    0x86, 0xd0, 0x90,

    /* U+0075 "u" */
    0xf8, 0x3e, 0x7c, 0x87, 0xff, 0xfc, 0x3f, 0xff,
    0xe1, 0x90, 0x21, 0xec, 0x2c, 0x10, 0x74, 0x84,
    0x85, 0xcd, 0xa1, 0xd0, 0x4c, 0x81, 0xc, 0xe8,
    0x67, 0xc1, 0x0,

    /* U+0076 "v" */
    0x7d, 0x7, 0xef, 0x48, 0x10, 0xfa, 0x6, 0x20,
    0x43, 0xc8, 0x12, 0x6, 0x1f, 0x90, 0xe4, 0x3a,
    0x6, 0x12, 0x4, 0x32, 0x4, 0x28, 0x18, 0x79,
    0xf, 0x90, 0xa0, 0x41, 0xd0, 0x10, 0x21, 0xf9,
    0x6, 0x19, 0xf, 0x91, 0x10, 0x41, 0xf6, 0x6,
    0xf, 0xf2, 0x8, 0x10, 0x7f, 0x21, 0x90, 0xfe,
    0xc2, 0x43, 0xfc, 0x85, 0x87, 0xfc, 0x81, 0xe,

    /* U+0077 "w" */
    0x3d, 0x7, 0x9f, 0x21, 0xeb, 0xc1, 0x90, 0xf6,
    0xc, 0x3c, 0x86, 0x43, 0xf2, 0x4, 0x3f, 0x20,
    0xc0, 0x86, 0x43, 0xf9, 0x6, 0x4, 0x18, 0x6c,
    0x34, 0x1b, 0x2, 0x12, 0x21, 0x92, 0x44, 0x32,
    0x21, 0xb0, 0xfc, 0xe1, 0xc8, 0x30, 0xc8, 0x20,
    0x41, 0x20, 0x81, 0x81, 0xf, 0x90, 0x22, 0x4,
    0x40, 0x87, 0xe4, 0x3d, 0x3, 0xf, 0x21, 0xec,
    0xa, 0xe, 0x40, 0xa0, 0x61, 0xe4, 0x1c, 0x21,
    0x92, 0xc0, 0x87, 0xc8, 0x83, 0xd, 0x81, 0x10,
    0xfd, 0x86, 0x43, 0x21, 0xb0, 0xfc, 0x84, 0x87,
    0xf9, 0xf, 0xfe, 0x6, 0x1e, 0x83, 0xff, 0x82,
    0x81, 0xf, 0x20, 0x43, 0x80,

    /* U+0078 "x" */
    0x3e, 0x43, 0xd7, 0xa0, 0x60, 0x83, 0x94, 0x8,
    0x24, 0x10, 0x68, 0x10, 0x68, 0xa, 0x4, 0x5,
    0x7, 0x60, 0x80, 0x82, 0xf, 0x90, 0x58, 0x20,
    0xfd, 0x1, 0x2, 0x83, 0xfa, 0xd, 0x7, 0xf9,
    0x9, 0xf, 0xf9, 0x9, 0xf, 0xfa, 0xd, 0x87,
    0xf4, 0x9, 0x4, 0x1f, 0x28, 0xc, 0x4, 0x3e,
    0x81, 0x82, 0x6, 0x1d, 0x1, 0x9, 0x40, 0x42,
    0x50, 0x20, 0xd0, 0x20, 0xa0, 0x41, 0xe8, 0x18,

    /* U+0079 "y" */
    0x7d, 0x7, 0xd7, 0xa4, 0x8, 0x7c, 0x82, 0x10,
    0x21, 0xff, 0x60, 0xc3, 0x90, 0x40, 0x40, 0x87,
    0x40, 0x42, 0x40, 0x87, 0xfd, 0x3, 0x9, 0x4,
    0x1f, 0x21, 0x60, 0x43, 0xa0, 0x20, 0x44, 0x3c,
    0x83, 0x10, 0x61, 0xf2, 0x26, 0x4, 0x3e, 0xc0,
    0xa1, 0xf, 0xc8, 0x20, 0x61, 0xfc, 0x86, 0x43,
    0xfb, 0x9, 0xf, 0xf2, 0x14, 0x1f, 0xfd, 0x8,
    0x3f, 0xe8, 0x8, 0x7f, 0x94, 0x21, 0xf9, 0xa8,
    0x10, 0x7e, 0xd4, 0x8, 0x3f, 0xf8, 0xc, 0x87,
    0xe0,

    /* U+007A "z" */
    0x7f, 0xff, 0x80, 0x87, 0xff, 0x9, 0xaf, 0xc8,
    0x48, 0xbf, 0xc0, 0xc3, 0xfb, 0x4, 0x1f, 0xd0,
    0x14, 0x1f, 0x94, 0x8, 0x3f, 0xa0, 0x41, 0xfd,
    0x82, 0x43, 0xf4, 0x5, 0x7, 0xe5, 0x2, 0xf,
    0xe8, 0x10, 0x7f, 0x60, 0x50, 0x7e, 0x82, 0x83,
    0xf2, 0x81, 0x2f, 0xf6, 0x15, 0x7f, 0x83, 0xff,
    0x84,

    /* U+007B "{" */
    0xf, 0xfe, 0x23, 0xe0, 0xf5, 0x0, 0x86, 0x50,
    0x34, 0x34, 0xc, 0x39, 0x2, 0x1e, 0xc1, 0x87,
    0xf2, 0x1f, 0xfe, 0x24, 0x3f, 0x20, 0x43, 0x34,
    0x4, 0x1a, 0x41, 0x87, 0xf2, 0x1d, 0xc0, 0x90,
    0xe7, 0x4, 0x1f, 0xfc, 0x54, 0x3f, 0xfb, 0xc8,
    0x7f, 0xf1, 0x30, 0x61, 0xe4, 0x8, 0x7d, 0x3,
    0xf, 0x30, 0x34, 0x39, 0xd1, 0xf, 0xac,

    /* U+007C "|" */
    0x7c, 0x1f, 0xff, 0xf0, 0xff, 0xe7, 0x2c, 0x0,

    /* U+007D "}" */
    0xf, 0xf3, 0xc1, 0xfc, 0xe8, 0x73, 0x82, 0xf,
    0xb0, 0x61, 0xff, 0xc5, 0x40, 0x87, 0xb0, 0xff,
    0xef, 0x61, 0xff, 0xc4, 0x40, 0x87, 0xd0, 0x34,
    0x39, 0x81, 0x61, 0xd8, 0x7e, 0x50, 0x3c, 0x1a,
    0x6, 0x1c, 0x81, 0xf, 0xfe, 0x3e, 0x1f, 0xfd,
    0x8c, 0x3f, 0x90, 0x21, 0xc8, 0x10, 0xe6, 0x4,
    0x1a, 0x80, 0xc3, 0xb2, 0xc3, 0xce, 0x87, 0xc0,

    /* U+007E "~" */
    0x3, 0x7c, 0x87, 0xcc, 0x8c, 0x85, 0x61, 0xe9,
    0xc8, 0xa, 0xb, 0x42, 0x41, 0xc0, 0xe9, 0xa0,
    0xba, 0x80, 0xa1, 0xd, 0x40, 0x94, 0xc, 0xa6,
    0x1c, 0xe8, 0x4e, 0x0,

    /* U+00A0 " " */

    /* U+00A1 "¡" */
    0x7c, 0x40, 0x90, 0x77, 0x90, 0xfc, 0xf9, 0xf,
    0xff, 0x6, 0x1f, 0xfc, 0x3b, 0xc8,

    /* U+00A2 "¢" */
    0xf, 0x3e, 0x43, 0xff, 0xbb, 0x83, 0x43, 0xf7,
    0x90, 0x36, 0x87, 0x61, 0x28, 0x29, 0xb, 0x3,
    0xd3, 0x81, 0x2, 0x3, 0x6, 0x50, 0x21, 0x4,
    0x1e, 0x80, 0x87, 0xff, 0x2, 0xa4, 0x8, 0x7e,
    0x58, 0x3f, 0xfc, 0x28, 0x10, 0xff, 0xe5, 0xfc,
    0x40, 0x83, 0xc8, 0x11, 0x3, 0x6, 0xa0, 0x20,
    0x60, 0x7f, 0x20, 0xc3, 0x68, 0x79, 0xc3, 0xd6,
    0x81, 0xe0, 0xfe, 0xc1, 0x87, 0xff, 0x5c,

    /* U+00A3 "£" */
    0xf, 0x37, 0xe8, 0x3f, 0xb9, 0xc, 0xe8, 0x7b,
    0x9, 0x90, 0xa0, 0xe8, 0x2e, 0x6d, 0x6, 0x19,
    0x6, 0x1d, 0x7, 0xff, 0x15, 0x60, 0xff, 0xe1,
    0x54, 0x1f, 0xfe, 0x8b, 0xc1, 0x7f, 0x7, 0xff,
    0x2e, 0xa0, 0xab, 0x83, 0xe5, 0x4, 0xbc, 0x1f,
    0xff, 0xf1, 0x2, 0x1f, 0xfc, 0x6, 0x9, 0x7f,
    0xea, 0x4, 0xd7, 0xfb, 0xf, 0xfe, 0x28,

    /* U+00A4 "¤" */
    0xf, 0xfe, 0x5e, 0x86, 0x6a, 0x43, 0x38, 0x59,
    0x25, 0xcb, 0x5c, 0x31, 0x87, 0x5a, 0x1f, 0x3c,
    0x1d, 0x87, 0xaf, 0xa0, 0xf6, 0x16, 0x13, 0xa1,
    0x3a, 0x16, 0x1a, 0x3, 0x7, 0xd2, 0x8, 0x32,
    0x8, 0x3f, 0xa0, 0x21, 0x20, 0x83, 0xfe, 0x80,
    0x83, 0x2, 0x1f, 0xf2, 0xc, 0x8, 0x7f, 0xf6,
    0x90, 0x21, 0xff, 0xc5, 0x43, 0x90, 0xff, 0x90,
    0xec, 0x18, 0x7f, 0xd8, 0x20, 0x20, 0x50, 0x7f,
    0x28, 0x3d, 0x2, 0xf, 0xe8, 0x10, 0x68, 0x2d,
    0xe, 0x70, 0xa0, 0xb0, 0xeb, 0xd7, 0xa0, 0xec,
    0x3a, 0x43, 0x21, 0xa8, 0x1d, 0x93, 0x70, 0x75,
    0xaa, 0x30, 0xb4, 0x27, 0xf9, 0x9, 0xc0,

    /* U+00A5 "¥" */
    0xbe, 0xf, 0xef, 0x98, 0x24, 0x3e, 0x42, 0x48,
    0x10, 0x7d, 0x2, 0x2, 0x12, 0x1c, 0x81, 0x41,
    0x40, 0xc3, 0xa0, 0x41, 0x90, 0x21, 0x90, 0x21,
    0xe8, 0x10, 0x50, 0x20, 0xf2, 0x4, 0x8, 0x10,
    0xfd, 0x2, 0x20, 0x41, 0xf9, 0x2, 0x80, 0x87,
    0xfa, 0x4, 0x8, 0x3e, 0xfa, 0xe, 0xfc, 0x1f,
    0xfc, 0x9f, 0xe0, 0xbf, 0x83, 0xff, 0x93, 0xfc,
    0x17, 0xf0, 0x7f, 0xf2, 0x7f, 0x82, 0xfe, 0xf,
    0xff, 0xd0,

    /* U+00A6 "¦" */
    0xbc, 0x1f, 0xfd, 0xdd, 0x43, 0x40, 0xfe, 0xbc,
    0x1f, 0xfe, 0x10,

    /* U+00A7 "§" */
    0xe, 0xbf, 0xa4, 0x3e, 0xb4, 0x39, 0xb0, 0xe9,
    0x3, 0x52, 0x16, 0x12, 0x81, 0xcb, 0x5a, 0xc,
    0x18, 0x20, 0xfa, 0xe, 0x40, 0x87, 0xe4, 0x8,
    0x87, 0xfd, 0x28, 0x3b, 0xf, 0xea, 0x24, 0x16,
    0x87, 0xff, 0x2, 0xa, 0xe4, 0x3f, 0xf8, 0x6d,
    0xe4, 0x3a, 0x80, 0x90, 0xeb, 0x42, 0x41, 0xb7,
    0xa0, 0xd4, 0x10, 0x21, 0xcf, 0x90, 0x28, 0x2c,
    0x3f, 0x48, 0x30, 0xb0, 0xfe, 0x80, 0xa0, 0x28,
    0x3f, 0xf8, 0x30, 0x2d, 0xf, 0x20, 0x45, 0x5,
    0x7a, 0x46, 0x4, 0xb, 0x43, 0x37, 0x2, 0xe,
    0xb9, 0xf, 0x48, 0x7c, 0xdc, 0x85, 0x7, 0xfc,
    0xd8, 0x58, 0x14, 0x1f, 0xd8, 0x6a, 0x90, 0xff,
    0xe0, 0xe0, 0xc3, 0xff, 0x82, 0x81, 0x41, 0xf2,
    0x1d, 0x2, 0x88, 0x4d, 0x1, 0x1, 0x80, 0xdf,
    0x48, 0x24, 0x27, 0x43, 0xe7, 0x43, 0xd7, 0xaa,
    0xf4, 0x18,

    /* U+00A8 "¨" */
    0xf, 0xfe, 0x7, 0xa0, 0x9f, 0x28, 0x8, 0x58,
    0x34, 0x8, 0x58, 0x30,

    /* U+00A9 "©" */
    0xf, 0xd7, 0xf4, 0x1f, 0xfc, 0x2f, 0x21, 0xcf,
    0x83, 0xfc, 0xe0, 0xbf, 0xa0, 0x68, 0x7d, 0x42,
    0xd0, 0xe7, 0x8a, 0x7, 0x28, 0xd0, 0xfe, 0x71,
    0x41, 0xa2, 0x9, 0xbe, 0x83, 0x44, 0x12, 0x28,
    0x14, 0x42, 0x74, 0xa, 0x10, 0x44, 0x5, 0xf,
    0xc9, 0x5, 0x10, 0x48, 0x50, 0xc1, 0x40, 0x42,
    0x40, 0x98, 0x76, 0x1c, 0xa0, 0xd8, 0xe1, 0xf2,
    0x1d, 0x44, 0x3b, 0x2, 0x1f, 0xfc, 0x54, 0x32,
    0x1f, 0xfc, 0x54, 0x18, 0x7c, 0x87, 0x51, 0xe,
    0xd3, 0x9, 0x30, 0xe5, 0x6, 0xc4, 0x8, 0x58,
    0xc1, 0x40, 0x42, 0x42, 0x88, 0xa, 0x1f, 0x92,
    0xa, 0x20, 0x22, 0x81, 0x44, 0x27, 0x40, 0xa1,
    0xa, 0x20, 0x9b, 0xe8, 0x34, 0x41, 0x98, 0xd0,
    0xfe, 0x72, 0x43, 0x98, 0xb4, 0x39, 0xe2, 0x43,
    0xe7, 0x5, 0xfd, 0x3, 0x43, 0xfd, 0xe4, 0x39,
    0xf0, 0x78,

    /* U+00AA "ª" */
    0x3, 0x7d, 0x6, 0x64, 0x27, 0xa, 0x5, 0x10,
    0x22, 0xd, 0x50, 0x31, 0xe0, 0xf2, 0x12, 0x19,
    0xe, 0xbf, 0x21, 0xb4, 0x3f, 0x40, 0xbe, 0x43,
    0xc8, 0x7f, 0x90, 0x48, 0x50, 0x2f, 0x21, 0xda,
    0x15, 0x2,

    /* U+00AB "«" */
    0xe, 0x50, 0x64, 0x39, 0xa0, 0x1e, 0xe, 0x8c,
    0x11, 0x6, 0xc4, 0x18, 0xa0, 0xa0, 0x44, 0x8,
    0x25, 0x10, 0xa2, 0xd, 0xa, 0x20, 0x21, 0xe4,
    0x3f, 0xd0, 0x13, 0x4, 0x19, 0x88, 0x10, 0xa0,
    0xca, 0x31, 0x44, 0x1d, 0x1, 0x20, 0x41, 0xd9,
    0x3, 0x10,

    /* U+00AC "¬" */
    0x17, 0xff, 0x82, 0x57, 0xff, 0x4, 0x3f, 0xf8,
    0x7f, 0xfe, 0xf, 0xff, 0x8,

    /* U+00AD "­" */
    0x17, 0xe1, 0xaf, 0x83, 0xfc,

    /* U+00AE "®" */
    0xf, 0xd7, 0xf4, 0x1f, 0xfc, 0x2f, 0x21, 0xcf,
    0x83, 0xfc, 0xe0, 0xbf, 0xa0, 0x68, 0x7d, 0x42,
    0xd0, 0xe7, 0x89, 0xe, 0x51, 0xa1, 0xfc, 0xe4,
    0x86, 0x88, 0x1f, 0xe9, 0xa, 0x20, 0xa1, 0x41,
    0xf9, 0x90, 0x28, 0x40, 0x90, 0x77, 0xe4, 0x82,
    0x88, 0x24, 0x3f, 0xd0, 0x10, 0x90, 0x26, 0x1f,
    0xfc, 0x5c, 0x70, 0xff, 0xe0, 0x40, 0x43, 0xb0,
    0x21, 0xef, 0xc9, 0x86, 0x43, 0x21, 0xff, 0xc0,
    0x43, 0x20, 0xc3, 0xf7, 0xe4, 0x83, 0xda, 0x61,
    0xfe, 0x83, 0xd8, 0x81, 0xf, 0xfe, 0xa, 0x12,
    0x14, 0x41, 0xff, 0xc3, 0x88, 0x8, 0xa0, 0xff,
    0xe0, 0xa8, 0x42, 0x88, 0x1e, 0xe, 0xf2, 0x44,
    0x19, 0x8d, 0xf, 0xe7, 0x24, 0x39, 0x8b, 0x43,
    0x9e, 0x24, 0x3e, 0x70, 0x5f, 0xd0, 0xe8, 0x7f,
    0xbc, 0x87, 0x3c, 0x1e,

    /* U+00AF "¯" */
    0xf, 0xfb, 0xff, 0xd0, 0x7f, 0xc0,

    /* U+00B0 "°" */
    0x5, 0xe8, 0x2d, 0x3, 0x90, 0xf9, 0x24, 0x81,
    0x8, 0x7e, 0x48, 0x10, 0xc3, 0xe4, 0x8d, 0x3,
    0x80,

    /* U+00B1 "±" */
    0xf, 0x3e, 0xf, 0xff, 0xf8, 0x7c, 0xbd, 0x81,
    0x7e, 0xae, 0x41, 0x5e, 0xf, 0xfe, 0x1b, 0xfd,
    0x3, 0xfc, 0x1f, 0xff, 0xf0, 0xf3, 0xe0, 0xff,
    0xe5, 0x2f, 0xff, 0x4, 0x15, 0xff, 0xc1, 0xf,
    0xfe, 0x20,

    /* U+00B2 "²" */
    0x5, 0xf4, 0x85, 0xa1, 0x32, 0x40, 0xbc, 0x8,
    0x45, 0x2, 0xb, 0xd0, 0x7f, 0xf0, 0x60, 0xfd,
    0x83, 0xe, 0xc1, 0x7, 0x60, 0x90, 0xd8, 0x34,
    0x36, 0xc, 0x3a, 0xb, 0xfa, 0xf, 0xf0,

    /* U+00B3 "³" */
    0xa, 0xfa, 0x43, 0x68, 0x4c, 0x82, 0x5, 0xe0,
    0x41, 0x94, 0x8, 0x35, 0xc1, 0xff, 0xc2, 0x84,
    0x3b, 0xe1, 0x83, 0x90, 0x94, 0x1d, 0x7a, 0x20,
    0x28, 0x32, 0x4, 0xa6, 0x14, 0x4, 0x81, 0xf2,
    0x20, 0x74, 0x26, 0x80,

    /* U+00B4 "´" */
    0xd, 0x44, 0x34, 0xac, 0x25, 0xc, 0x14, 0x30,
    0x50, 0xc1, 0x0,

    /* U+00B5 "µ" */
    0xbc, 0x87, 0xde, 0x83, 0xff, 0xfe, 0x1f, 0xff,
    0xf0, 0xfb, 0xf, 0x21, 0xe4, 0x3d, 0x7, 0xdc,
    0xab, 0xf, 0xe6, 0x89, 0x7, 0xa4, 0x26, 0x43,
    0xeb, 0xe9, 0x3d, 0x7, 0xff, 0xe8,

    /* U+00B6 "¶" */
    0xc, 0xdf, 0xe0, 0x3c, 0x87, 0xcc, 0x1f, 0xe8,
    0x3f, 0xc8, 0x7f, 0xd0, 0x7f, 0xf8, 0xd0, 0xff,
    0xb0, 0xff, 0x94, 0x1f, 0xf4, 0x1f, 0xfc, 0xe,
    0xf, 0xf9, 0xf5, 0x41, 0xfc, 0xb0, 0x7f, 0xff,
    0xc0,

    /* U+00B7 "·" */
    0x14, 0x35, 0x60, 0x60, 0x40,

    /* U+00B8 "¸" */
    0x18, 0x34, 0xc8, 0x11, 0x92, 0xd3, 0x9, 0xa,
    0xc1, 0x8, 0xe0,

    /* U+00B9 "¹" */
    0xf, 0xf3, 0x71, 0x72, 0x12, 0x1e, 0xbc, 0x84,
    0x87, 0xff, 0xa8,

    /* U+00BA "º" */
    0x9, 0xbe, 0x83, 0x99, 0x9, 0xc3, 0x40, 0xa2,
    0xc, 0x10, 0x35, 0x48, 0x64, 0x43, 0x40, 0x42,
    0xc3, 0xec, 0x3f, 0xf9, 0xf8, 0x7d, 0x88, 0x86,
    0x80, 0x90, 0x34, 0x90, 0xe8, 0x16, 0x83, 0x9,
    0x90, 0x9c, 0x0,

    /* U+00BB "»" */
    0x14, 0x12, 0x83, 0xd4, 0x42, 0xb0, 0xec, 0x80,
    0x82, 0xe, 0x4c, 0x18, 0xa0, 0xd0, 0x20, 0x44,
    0x1d, 0xa, 0x10, 0x61, 0x94, 0x40, 0xc1, 0x6,
    0x43, 0x20, 0xc2, 0x41, 0x2, 0x14, 0x14, 0x49,
    0x2, 0xb, 0x14, 0x28, 0xc2, 0x41, 0x2, 0x20,
    0xd1, 0x82, 0x14, 0x10,

    /* U+00BC "¼" */
    0xe, 0x43, 0xff, 0x8c, 0xdc, 0x1f, 0xfc, 0x47,
    0x90, 0xff, 0xe3, 0x60, 0x43, 0xfe, 0xe0, 0xeb,
    0xe0, 0xff, 0x66, 0x1f, 0xfc, 0x64, 0x8, 0x7f,
    0xf1, 0xa3, 0xf, 0xfe, 0x36, 0x21, 0xff, 0xc6,
    0x41, 0x7, 0xff, 0x1a, 0x30, 0xff, 0xe3, 0x42,
    0x1f, 0xfc, 0x65, 0x10, 0x4f, 0xa0, 0xe5, 0x82,
    0x88, 0x34, 0x1f, 0xd4, 0x4, 0x28, 0x2c, 0x3f,
    0xf8, 0x2a, 0x20, 0xb1, 0xf, 0xfe, 0x4, 0x41,
    0x43, 0x7, 0xfd, 0xa, 0x2, 0x88, 0x3f, 0xf8,
    0x9, 0x5, 0x18, 0x7f, 0xf0, 0x32, 0xa, 0x7,
    0xc0, 0x74, 0x32, 0x28, 0x24, 0x3f, 0xf8, 0x4a,
    0x83, 0x7f, 0x80, 0xe8, 0x74, 0x1f, 0xfd, 0xa0,

    /* U+00BD "½" */
    0xf, 0xfe, 0x73, 0x61, 0xff, 0xc5, 0x7d, 0x21,
    0xff, 0xc6, 0x83, 0xff, 0x83, 0x40, 0xfa, 0x9c,
    0x1f, 0xcb, 0x7, 0xca, 0xf, 0xfa, 0x20, 0xff,
    0xe3, 0xc2, 0x83, 0xff, 0x8c, 0xa2, 0xf, 0xfe,
    0x3c, 0x41, 0xff, 0xc7, 0x85, 0x7, 0xff, 0x1d,
    0x20, 0xff, 0xe3, 0xe4, 0x7, 0xf4, 0x1f, 0xf2,
    0x4, 0xa0, 0x67, 0xe, 0x7c, 0x8, 0xc0, 0x8f,
    0xa0, 0x21, 0xfa, 0x10, 0x20, 0x80, 0x83, 0xf,
    0x94, 0x40, 0x7c, 0x1e, 0xc3, 0xe8, 0x83, 0xfb,
    0x2, 0x1e, 0x85, 0x7, 0xec, 0x18, 0x79, 0x44,
    0x1f, 0xb0, 0x61, 0xf4, 0x41, 0xfb, 0x1c, 0x3f,
    0x2c, 0x1e, 0x71, 0x83, 0xfa, 0x81, 0xf4, 0x7,
    0xf8, 0x3f, 0xf9, 0x80,

    /* U+00BE "¾" */
    0xa, 0xfa, 0xf, 0xfe, 0x23, 0xa1, 0x38, 0x7f,
    0xf0, 0xe0, 0x7a, 0x4, 0x1f, 0x21, 0xe5, 0x40,
    0x50, 0x87, 0x9b, 0xe, 0xa2, 0x1f, 0xfc, 0x8,
    0x83, 0xfc, 0xa2, 0xe, 0x80, 0x87, 0xef, 0x44,
    0x86, 0x51, 0x87, 0xff, 0x6, 0xe, 0x88, 0x3f,
    0xdf, 0x26, 0x14, 0x4, 0x3e, 0x50, 0x6c, 0x39,
    0x30, 0xfd, 0x50, 0x50, 0x6c, 0x43, 0xf9, 0x1f,
    0x81, 0x8, 0x20, 0xbe, 0xa, 0x88, 0x4e, 0x91,
    0x5, 0x7, 0xcd, 0xf4, 0x8, 0x50, 0x14, 0x1f,
    0xfc, 0x25, 0x10, 0x18, 0x43, 0xff, 0x83, 0x10,
    0x51, 0x61, 0xff, 0xc0, 0x85, 0x3, 0x24, 0x3f,
    0xf8, 0xa, 0x20, 0x42, 0x83, 0xff, 0x83, 0x10,
    0x14, 0x3e, 0x81, 0xc1, 0xe4, 0x50, 0x7f, 0xf1,
    0xd5, 0x4, 0xff, 0x40, 0xe0, 0xfa, 0xf, 0xfe,
    0xd0,

    /* U+00BF "¿" */
    0xe, 0xb8, 0x3f, 0xc8, 0xa0, 0xff, 0xe0, 0x21,
    0xfd, 0xf0, 0x7f, 0xf6, 0x16, 0xf, 0xf5, 0x41,
    0xff, 0xca, 0x40, 0x87, 0xe6, 0x4, 0x1f, 0x30,
    0x20, 0xfd, 0x2, 0x43, 0xec, 0xa, 0xf, 0x90,
    0xa0, 0xfd, 0x83, 0xf, 0xe4, 0x3f, 0xf9, 0x55,
    0x7, 0xf2, 0xc2, 0xc, 0x3a, 0x7, 0x5, 0xd5,
    0x84, 0x98, 0x4b, 0x5, 0x85, 0xc1, 0x9b, 0x0,

    /* U+00C0 "À" */
    0xf, 0x34, 0xf, 0xfe, 0x3a, 0xb0, 0xff, 0xe2,
    0xa8, 0x8, 0x7f, 0xf1, 0x64, 0x83, 0xff, 0x8d,
    0x26, 0x1f, 0xfc, 0x6b, 0xc1, 0xff, 0xdb, 0xf8,
    0x3f, 0xf8, 0xa8, 0x48, 0x7f, 0xf1, 0x20, 0xb0,
    0xff, 0xe1, 0xa1, 0x90, 0xff, 0xe1, 0xe0, 0x81,
    0x7, 0xff, 0x9, 0x14, 0x4, 0x3f, 0xf8, 0x28,
    0x32, 0x2, 0x1f, 0xfc, 0x8, 0x8, 0x83, 0xf,
    0xfe, 0x12, 0x12, 0x21, 0xff, 0x40, 0x82, 0xc1,
    0x7, 0xf9, 0xf, 0x20, 0x43, 0xf9, 0x4, 0x1d,
    0x1, 0xf, 0xd0, 0x10, 0xe4, 0x18, 0x7f, 0xcb,
    0xf0, 0x10, 0xfa, 0xa, 0xbe, 0x9, 0xf, 0x21,
    0xff, 0xc1, 0x83, 0x90, 0x5f, 0xfc, 0x81, 0xd,
    0x1, 0xf, 0xec, 0x18, 0x7f, 0xf1, 0x50, 0x21,
    0x40, 0x83, 0xfe, 0x40, 0x81, 0x2, 0x1f, 0xf4,
    0x8, 0x40, 0x87, 0xff, 0x11,

    /* U+00C1 "Á" */
    0xf, 0xfe, 0x5, 0x10, 0xff, 0xe2, 0xca, 0xf,
    0xfe, 0x2a, 0x85, 0x7, 0xff, 0x12, 0x18, 0x3f,
    0xf8, 0x98, 0xc1, 0xff, 0xc5, 0xf4, 0x1f, 0xfd,
    0xbf, 0x83, 0xff, 0x8a, 0x84, 0x87, 0xff, 0x12,
    0xb, 0xf, 0xfe, 0x1a, 0x19, 0xf, 0xfe, 0x1e,
    0x8, 0x10, 0x7f, 0xf0, 0x91, 0x40, 0x43, 0xff,
    0x82, 0x83, 0x20, 0x21, 0xff, 0xc0, 0x80, 0x88,
    0x30, 0xff, 0xe1, 0x21, 0x22, 0x1f, 0xf4, 0x8,
    0x2c, 0x10, 0x7f, 0x90, 0xf2, 0x4, 0x3f, 0x90,
    0x41, 0xd0, 0x10, 0xfd, 0x1, 0xe, 0x41, 0x87,
    0xfc, 0xbf, 0x1, 0xf, 0xa0, 0xab, 0xe0, 0x90,
    0xf2, 0x1f, 0xfc, 0x18, 0x39, 0x5, 0xff, 0xc8,
    0x10, 0xd0, 0x10, 0xfe, 0xc1, 0x87, 0xff, 0x15,
    0x2, 0x14, 0x8, 0x3f, 0xe4, 0x8, 0x10, 0x21,
    0xff, 0x40, 0x84, 0x8, 0x7f, 0xf1, 0x10,

    /* U+00C2 "Â" */
    0xf, 0xe6, 0x43, 0xff, 0x8a, 0xcc, 0x87, 0xff,
    0x12, 0x12, 0xf, 0xfe, 0x1e, 0x54, 0x61, 0xff,
    0xc1, 0xc5, 0xa, 0x30, 0xff, 0xe0, 0x7a, 0xa,
    0xf0, 0x7f, 0xf6, 0x3e, 0xf, 0xfe, 0x2a, 0x12,
    0x1f, 0xfc, 0x48, 0x2c, 0x3f, 0xf8, 0x68, 0x64,
    0x3f, 0xf8, 0x78, 0x20, 0x41, 0xff, 0xc2, 0x45,
    0x1, 0xf, 0xfe, 0xa, 0xc, 0x80, 0x87, 0xff,
    0x2, 0x2, 0x20, 0xc3, 0xff, 0x84, 0x84, 0x88,
    0x7f, 0xd0, 0x20, 0xb0, 0x41, 0xfe, 0x43, 0xc8,
    0x10, 0xfe, 0x41, 0x7, 0x40, 0x43, 0xf4, 0x4,
    0x39, 0x6, 0x1f, 0xf2, 0xfc, 0x4, 0x3e, 0x82,
    0xaf, 0x82, 0x43, 0xc8, 0x7f, 0xf0, 0x60, 0xe4,
    0x17, 0xff, 0x20, 0x43, 0x40, 0x43, 0xfb, 0x6,
    0x1f, 0xfc, 0x54, 0x8, 0x50, 0x20, 0xff, 0x90,
    0x20, 0x40, 0x87, 0xfd, 0x2, 0x10, 0x21, 0xff,
    0xc4, 0x40,

    /* U+00C3 "Ã" */
    0xf, 0xfe, 0x7b, 0xe8, 0x37, 0x83, 0xfc, 0xc0,
    0x74, 0x83, 0xff, 0x81, 0x8f, 0x16, 0x90, 0x7f,
    0x92, 0x1d, 0x4, 0x87, 0xfb, 0xc1, 0xaf, 0x21,
    0xff, 0xd8, 0xf8, 0x3f, 0xf8, 0xa8, 0x48, 0x7f,
    0xf1, 0x20, 0xb0, 0xff, 0xe1, 0xa1, 0x90, 0xff,
    0xe1, 0xe0, 0x81, 0x7, 0xff, 0x9, 0x14, 0x4,
    0x3f, 0xf8, 0x28, 0x32, 0x2, 0x1f, 0xfc, 0x8,
    0x8, 0x83, 0xf, 0xfe, 0x12, 0x12, 0x21, 0xff,
    0x40, 0x82, 0xc1, 0x7, 0xf9, 0xf, 0x20, 0x43,
    0xf9, 0x4, 0x1d, 0x1, 0xf, 0xd0, 0x10, 0xe4,
    0x18, 0x7f, 0xcb, 0xf0, 0x10, 0xfa, 0xa, 0xbe,
    0x9, 0xf, 0x21, 0xff, 0xc1, 0x83, 0x90, 0x5f,
    0xfc, 0x81, 0xd, 0x1, 0xf, 0xec, 0x18, 0x7f,
    0xf1, 0x50, 0x21, 0x40, 0x83, 0xfe, 0x40, 0x81,
    0x2, 0x1f, 0xf4, 0x8, 0x40, 0x87, 0xff, 0x11,

    /* U+00C4 "Ä" */
    0xf, 0xfe, 0x73, 0xe8, 0x2b, 0xc8, 0x7f, 0xf0,
    0x50, 0x90, 0x61, 0xfe, 0x41, 0x5, 0x2, 0xf,
    0xfb, 0xc8, 0x4f, 0x83, 0xff, 0xb1, 0xf0, 0x7f,
    0xf1, 0x50, 0x90, 0xff, 0xe2, 0x41, 0x61, 0xff,
    0xc3, 0x43, 0x21, 0xff, 0xc3, 0xc1, 0x2, 0xf,
    0xfe, 0x12, 0x28, 0x8, 0x7f, 0xf0, 0x50, 0x64,
    0x4, 0x3f, 0xf8, 0x10, 0x11, 0x6, 0x1f, 0xfc,
    0x24, 0x24, 0x43, 0xfe, 0x81, 0x5, 0x82, 0xf,
    0xf2, 0x1e, 0x40, 0x87, 0xf2, 0x8, 0x3a, 0x2,
    0x1f, 0xa0, 0x21, 0xc8, 0x30, 0xff, 0x97, 0xe0,
    0x21, 0xf4, 0x15, 0x7c, 0x12, 0x1e, 0x43, 0xff,
    0x83, 0x7, 0x20, 0xbf, 0xf9, 0x2, 0x1a, 0x2,
    0x1f, 0xd8, 0x30, 0xff, 0xe2, 0xa0, 0x42, 0x81,
    0x7, 0xfc, 0x81, 0x2, 0x4, 0x3f, 0xe8, 0x10,
    0x81, 0xf, 0xfe, 0x22,

    /* U+00C5 "Å" */
    0xf, 0xfe, 0x8b, 0xf2, 0x1f, 0xfc, 0x36, 0x66,
    0x43, 0xff, 0x85, 0x93, 0x18, 0x7f, 0xf0, 0x90,
    0xe4, 0x3f, 0xf8, 0x50, 0x89, 0x7, 0xff, 0x9,
    0x57, 0x28, 0x3f, 0xf8, 0x77, 0xd0, 0x7f, 0xf6,
    0xbe, 0xf, 0xfe, 0x2a, 0x12, 0x1f, 0xfc, 0x48,
    0x2c, 0x3f, 0xf8, 0x68, 0x64, 0x3f, 0xf8, 0x78,
    0x20, 0x41, 0xff, 0xc2, 0x45, 0x1, 0xf, 0xfe,
    0xa, 0xc, 0x80, 0x87, 0xff, 0x2, 0x2, 0x20,
    0xc3, 0xff, 0x84, 0x84, 0x88, 0x7f, 0xd0, 0x20,
    0xb0, 0x41, 0xfe, 0x43, 0xc8, 0x10, 0xfe, 0x41,
    0x7, 0x40, 0x43, 0xf4, 0x4, 0x39, 0x6, 0x1f,
    0xf2, 0xfc, 0x4, 0x3e, 0x82, 0xaf, 0x82, 0x43,
    0xc8, 0x7f, 0xf0, 0x60, 0xe4, 0x17, 0xff, 0x20,
    0x43, 0x40, 0x43, 0xfb, 0x6, 0x1f, 0xfc, 0x54,
    0x8, 0x50, 0x20, 0xff, 0x90, 0x20, 0x40, 0x87,
    0xfd, 0x2, 0x10, 0x21, 0xff, 0xc4, 0x40,

    /* U+00C6 "Æ" */
    0xf, 0xfe, 0x17, 0xff, 0xf0, 0xd0, 0xff, 0xe1,
    0x21, 0xff, 0xd2, 0x83, 0x35, 0xfe, 0x43, 0xff,
    0x83, 0x1, 0x9, 0x7f, 0xc1, 0xff, 0xc1, 0x50,
    0x20, 0xff, 0xe7, 0x40, 0xc3, 0xff, 0x9d, 0x1,
    0xc, 0x87, 0xff, 0x29, 0x4, 0x1f, 0xfc, 0xec,
    0x10, 0x7f, 0xf3, 0x90, 0x90, 0xf7, 0xff, 0x7,
    0xfd, 0x3, 0xf, 0xfe, 0x74, 0x4, 0x3f, 0x57,
    0xf0, 0x7f, 0x28, 0x10, 0x7e, 0x5f, 0xe0, 0xfe,
    0x81, 0x7, 0xff, 0x3a, 0xa, 0xff, 0x7, 0xff,
    0x21, 0xf, 0xfe, 0x8e, 0x12, 0xfe, 0xf, 0xfe,
    0x32, 0x17, 0x5f, 0x90, 0x21, 0xff, 0xc2, 0x81,
    0x7, 0xff, 0x3a, 0x9, 0xf, 0xfe, 0x6, 0xbf,
    0xe0, 0x28, 0x18, 0x7f, 0xf0, 0x5a, 0xff, 0x24,
    0x4, 0x3f, 0xec, 0x3f, 0xf8, 0x40,

    /* U+00C7 "Ç" */
    0xf, 0x37, 0xe9, 0xf, 0xe7, 0x90, 0xcd, 0xa1,
    0xe6, 0x9, 0xa2, 0x14, 0x86, 0x60, 0x3c, 0xab,
    0x81, 0x6, 0x81, 0x40, 0xf2, 0x81, 0x1, 0x9,
    0xf, 0xd0, 0x10, 0x60, 0x83, 0xff, 0x86, 0x81,
    0xf, 0xf7, 0xc1, 0xff, 0xff, 0xf, 0xff, 0x82,
    0x4, 0x3f, 0xdf, 0x3, 0x4, 0x1f, 0xfc, 0x34,
    0x24, 0x3f, 0x40, 0x42, 0x81, 0x21, 0xe5, 0x2,
    0x9, 0x81, 0x72, 0xae, 0x4, 0x1c, 0xc1, 0x34,
    0x42, 0x90, 0xf3, 0xc8, 0x66, 0xd0, 0xfe, 0x64,
    0x1c, 0x87, 0xff, 0x13, 0x43, 0xff, 0x85, 0x69,
    0x7, 0xff, 0x56, 0xd2, 0xf, 0xfe, 0x12, 0x32,
    0x1e,

    /* U+00C8 "È" */
    0x9, 0xa0, 0x7f, 0xf0, 0x95, 0x87, 0xff, 0x1,
    0x81, 0x7, 0xff, 0x1, 0x42, 0x83, 0xff, 0x81,
    0x24, 0x1f, 0xfc, 0x1b, 0xc1, 0xff, 0xcb, 0x7f,
    0xff, 0x84, 0x1f, 0xfc, 0x9a, 0xff, 0x83, 0x2f,
    0xff, 0x0, 0x3f, 0xff, 0xe1, 0xfc, 0xff, 0xf4,
    0x1f, 0xfc, 0xaa, 0xff, 0x7, 0x2f, 0xf8, 0x3f,
    0xff, 0xe1, 0xff, 0xcf, 0x5f, 0xfe, 0x0, 0x75,
    0x7f, 0xc1, 0xff, 0xc5,

    /* U+00C9 "É" */
    0xf, 0xe6, 0x81, 0xff, 0xc0, 0xa2, 0x1f, 0xfc,
    0x5, 0xc, 0x1f, 0xf4, 0x8, 0x3f, 0xe8, 0x18,
    0x7f, 0xf0, 0x2f, 0x7, 0xff, 0x2d, 0xff, 0xfe,
    0x10, 0x7f, 0xf2, 0x6b, 0xfe, 0xc, 0xbf, 0xfc,
    0x0, 0xff, 0xff, 0x87, 0xf3, 0xff, 0xd0, 0x7f,
    0xf2, 0xab, 0xfc, 0x1c, 0xbf, 0xe0, 0xff, 0xff,
    0x87, 0xff, 0x3d, 0x7f, 0xf8, 0x1, 0xd5, 0xff,
    0x7, 0xff, 0x14,

    /* U+00CA "Ê" */
    0xf, 0xa4, 0x3f, 0xf8, 0x3b, 0x40, 0xff, 0x39,
    0xa, 0xf, 0xcc, 0x4e, 0x48, 0x7e, 0x64, 0x1c,
    0x1f, 0x99, 0xc, 0xa0, 0xff, 0xe4, 0x3f, 0xff,
    0xc2, 0xf, 0xfe, 0x4d, 0x7f, 0xc1, 0x97, 0xff,
    0x80, 0x1f, 0xff, 0xf0, 0xfe, 0x7f, 0xfa, 0xf,
    0xfe, 0x55, 0x7f, 0x83, 0x97, 0xfc, 0x1f, 0xff,
    0xf0, 0xff, 0xe7, 0xaf, 0xff, 0x0, 0x3a, 0xbf,
    0xe0, 0xff, 0xe2, 0x80,

    /* U+00CB "Ë" */
    0xb, 0xd0, 0x6f, 0x21, 0xc8, 0x10, 0xa0, 0x61,
    0xc8, 0x7b, 0x6, 0x1e, 0xf8, 0x27, 0xc8, 0x7f,
    0xf5, 0xdf, 0xff, 0xe1, 0x7, 0xff, 0x26, 0xbf,
    0xe0, 0xcb, 0xff, 0xc0, 0xf, 0xff, 0xf8, 0x7f,
    0x3f, 0xfd, 0x7, 0xff, 0x2a, 0xbf, 0xc1, 0xcb,
    0xfe, 0xf, 0xff, 0xf8, 0x7f, 0xf3, 0xd7, 0xff,
    0x80, 0x1d, 0x5f, 0xf0, 0x7f, 0xf1, 0x40,

    /* U+00CC "Ì" */
    0x28, 0x87, 0x9a, 0x6, 0x91, 0x41, 0xa0, 0x41,
    0xd8, 0x20, 0xef, 0x41, 0xff, 0xc1, 0xf8, 0x3f,
    0xff, 0xe1, 0xff, 0xff, 0xf, 0xfe, 0x38,

    /* U+00CD "Í" */
    0xd, 0x44, 0x36, 0xa0, 0xd0, 0x24, 0xa, 0x24,
    0x28, 0x50, 0x6f, 0x41, 0xff, 0xc1, 0xf8, 0x3f,
    0xff, 0xe1, 0xff, 0xff, 0xf, 0xfe, 0x50,

    /* U+00CE "Î" */
    0xc, 0xc1, 0xfa, 0x8e, 0x1e, 0x92, 0x30, 0xd2,
    0x6c, 0x61, 0x9c, 0xc, 0xa0, 0x50, 0x33, 0x21,
    0xff, 0xc4, 0xf8, 0x3f, 0xff, 0xe1, 0xff, 0xff,
    0xf, 0xff, 0xf8, 0x7f, 0x80,

    /* U+00CF "Ï" */
    0x3c, 0x84, 0xf8, 0x81, 0x85, 0x1, 0xc1, 0x84,
    0x81, 0x5e, 0x42, 0xbc, 0x1f, 0xfc, 0xff, 0x83,
    0xff, 0xfe, 0x1f, 0xff, 0xf0, 0xff, 0xff, 0x87,
    0xf8,

    /* U+00D0 "Ð" */
    0xb, 0xff, 0xa4, 0x3f, 0xf8, 0xcd, 0xa1, 0xfe,
    0xac, 0xa0, 0xa4, 0x3f, 0x97, 0x53, 0x81, 0x21,
    0xff, 0xc3, 0x60, 0x41, 0xff, 0xc4, 0x50, 0x20,
    0xff, 0xe2, 0x40, 0x43, 0xff, 0xb2, 0x81, 0x70,
    0x4b, 0x83, 0xd8, 0x3a, 0x82, 0xac, 0x1f, 0xfd,
    0x2f, 0x82, 0xfc, 0x1f, 0xfc, 0xec, 0x18, 0x7f,
    0xf1, 0x10, 0xff, 0xe5, 0x21, 0xff, 0xc3, 0x80,
    0x87, 0xff, 0xd, 0x40, 0x83, 0xff, 0x85, 0x40,
    0x41, 0xf9, 0x75, 0x34, 0x12, 0x1f, 0xab, 0x28,
    0x29, 0xf, 0xfe, 0x1b, 0x68, 0x60,

    /* U+00D1 "Ñ" */
    0xf, 0xfe, 0x63, 0xe8, 0x37, 0x83, 0xf3, 0x1,
    0xd3, 0x10, 0xfd, 0xe, 0x96, 0x8, 0x3f, 0xd1,
    0x40, 0xa0, 0xfe, 0xf0, 0x4f, 0xc8, 0x7f, 0xf3,
    0x1f, 0x83, 0xfe, 0xf8, 0x3a, 0xf, 0xfe, 0x32,
    0x83, 0xff, 0x8d, 0x7, 0xff, 0x1e, 0xf, 0xfe,
    0x32, 0x83, 0xff, 0x84, 0xc0, 0x83, 0xff, 0x86,
    0xa0, 0x41, 0xff, 0xc3, 0x80, 0xa0, 0xff, 0xe1,
    0xc0, 0x83, 0xff, 0x86, 0xa0, 0x41, 0xff, 0xc3,
    0x80, 0xa0, 0xff, 0xe1, 0xc0, 0x83, 0xff, 0x86,
    0xa0, 0x61, 0xff, 0xc3, 0x82, 0x43, 0xff, 0x87,
    0x2, 0xf, 0xfe, 0x1a, 0x81, 0x87, 0xff, 0xe,
    0xf, 0xfe, 0x3c, 0x1f, 0xfc, 0x65, 0x7, 0xff,
    0x1a, 0xf, 0xfe, 0x3e, 0x18,

    /* U+00D2 "Ò" */
    0xe, 0x7e, 0xf, 0xfe, 0x23, 0x2, 0xf, 0xfe,
    0x22, 0x85, 0x7, 0xff, 0x12, 0x48, 0x3f, 0xf8,
    0xb4, 0x50, 0x7f, 0xf1, 0x59, 0xf, 0xfe, 0xb3,
    0x7e, 0x90, 0xff, 0xb9, 0xc, 0xda, 0x1f, 0x38,
    0x4b, 0x82, 0x90, 0xf4, 0x7, 0xad, 0xa0, 0x83,
    0xb0, 0x30, 0x7a, 0x41, 0x84, 0x85, 0x7, 0xe8,
    0x24, 0x18, 0x20, 0xff, 0x40, 0xc0, 0x81, 0xf,
    0xf2, 0x4, 0x3f, 0xff, 0xe1, 0xff, 0xf7, 0x40,
    0x87, 0xf9, 0x2, 0xc, 0x10, 0x7f, 0xa0, 0x60,
    0x42, 0x83, 0xf4, 0x12, 0x16, 0x6, 0xf, 0x48,
    0x30, 0xe8, 0xf, 0x5b, 0x41, 0x7, 0x9c, 0x25,
    0xc1, 0x48, 0x7e, 0xe4, 0x33, 0x68, 0x60,

    /* U+00D3 "Ó" */
    0xf, 0xfb, 0xe4, 0x3f, 0xf8, 0x70, 0x14, 0x1f,
    0xfc, 0x34, 0x60, 0xff, 0xe1, 0xe3, 0x7, 0xff,
    0x11, 0xa0, 0x7f, 0xf1, 0x64, 0x3f, 0xfa, 0xed,
    0xfa, 0x43, 0xfe, 0xe4, 0x33, 0x68, 0x7c, 0xe1,
    0x2e, 0xa, 0x43, 0xd0, 0x1e, 0xb6, 0x82, 0xe,
    0xc0, 0xc1, 0xe9, 0x6, 0x12, 0x14, 0x1f, 0xa0,
    0x90, 0x60, 0x83, 0xfd, 0x3, 0x2, 0x4, 0x3f,
    0xc8, 0x10, 0xff, 0xff, 0x87, 0xff, 0xdd, 0x2,
    0x1f, 0xe4, 0x8, 0x30, 0x41, 0xfe, 0x81, 0x81,
    0xa, 0xf, 0xd0, 0x48, 0x58, 0x18, 0x3d, 0x20,
    0xc3, 0xa0, 0x3d, 0x6d, 0x4, 0x1e, 0x70, 0x97,
    0x5, 0x21, 0xfb, 0x90, 0xcd, 0xa1, 0x80,

    /* U+00D4 "Ô" */
    0xf, 0xcf, 0x90, 0xff, 0xe2, 0x40, 0x83, 0xff,
    0x87, 0x94, 0x30, 0xff, 0xe0, 0xe2, 0xe3, 0xf,
    0xf9, 0x54, 0x5, 0x14, 0x1f, 0xe6, 0x43, 0x32,
    0x1f, 0xfd, 0x36, 0xfd, 0x21, 0xff, 0x72, 0x19,
    0xb4, 0x3e, 0x70, 0x97, 0x5, 0x21, 0xe8, 0xf,
    0x5b, 0x41, 0x7, 0x60, 0x60, 0xf4, 0x83, 0x9,
    0xa, 0xf, 0xd0, 0x48, 0x30, 0x41, 0xfe, 0x81,
    0x81, 0x2, 0x1f, 0xe4, 0x8, 0x7f, 0xff, 0xc3,
    0xff, 0xee, 0x81, 0xf, 0xf2, 0x4, 0x18, 0x20,
    0xff, 0x40, 0xc0, 0x85, 0x7, 0xe8, 0x24, 0x2c,
    0xc, 0x1e, 0x90, 0x61, 0xd0, 0x1e, 0xb6, 0x82,
    0xf, 0x38, 0x4b, 0x82, 0x90, 0xfd, 0xc8, 0x66,
    0xd0, 0xc0,

    /* U+00D5 "Õ" */
    0xf, 0xfe, 0x12, 0x1f, 0xf7, 0xe4, 0x1c, 0x87,
    0xf6, 0x1a, 0xf0, 0x10, 0xfc, 0x83, 0xd0, 0x68,
    0x3f, 0x9f, 0x1, 0xfc, 0x87, 0xff, 0x9d, 0xbf,
    0x48, 0x7f, 0xdc, 0x86, 0x6d, 0xf, 0x9c, 0x25,
    0xc1, 0x48, 0x7a, 0x3, 0xd6, 0xd0, 0x41, 0xd8,
    0x18, 0x3d, 0x20, 0xc2, 0x42, 0x83, 0xf4, 0x12,
    0xc, 0x10, 0x7f, 0xa0, 0x60, 0x40, 0x87, 0xf9,
    0x2, 0x1f, 0xff, 0xf0, 0xff, 0xfb, 0xa0, 0x43,
    0xfc, 0x81, 0x6, 0x8, 0x3f, 0xd0, 0x30, 0x21,
    0x41, 0xfa, 0x9, 0xb, 0x3, 0x7, 0xa4, 0x18,
    0x74, 0x7, 0xad, 0xa0, 0x83, 0xce, 0x12, 0xe0,
    0xa4, 0x3f, 0x72, 0x19, 0xb4, 0x30,

    /* U+00D6 "Ö" */
    0xe, 0xbc, 0x1a, 0xe0, 0xff, 0x20, 0x42, 0x44,
    0x3f, 0xc8, 0x10, 0xff, 0xe2, 0x5e, 0xd, 0xf0,
    0x7f, 0xf9, 0xdb, 0xf4, 0x87, 0xfd, 0xc8, 0x66,
    0xd0, 0xf9, 0xc2, 0x5c, 0x14, 0x87, 0xa0, 0x3d,
    0x6d, 0x4, 0x1d, 0x81, 0x83, 0xd2, 0xc, 0x24,
    0x28, 0x3f, 0x41, 0x20, 0xc1, 0x7, 0xfa, 0x6,
    0x4, 0x8, 0x7f, 0x90, 0x21, 0xff, 0xff, 0xf,
    0xff, 0xba, 0x4, 0x3f, 0xc8, 0x10, 0x60, 0x83,
    0xfd, 0x3, 0x2, 0x14, 0x1f, 0xa0, 0x90, 0xb0,
    0x30, 0x7a, 0x41, 0x87, 0x40, 0x7a, 0xda, 0x8,
    0x3c, 0xe1, 0x2e, 0xa, 0x43, 0xf7, 0x21, 0x9b,
    0x43, 0x0,

    /* U+00D7 "×" */
    0xf, 0xfe, 0x25, 0x87, 0xe7, 0x45, 0x18, 0x79,
    0x88, 0x50, 0x30, 0xcc, 0x4, 0x12, 0xc, 0xc,
    0x6, 0xa, 0x41, 0xb0, 0x18, 0x3a, 0x41, 0x1,
    0x83, 0xe9, 0x9, 0x83, 0xf2, 0x82, 0x43, 0xfa,
    0xe, 0xc3, 0xec, 0xe, 0x83, 0xe, 0xc0, 0xc4,
    0x83, 0xb, 0x3, 0x5, 0x20, 0xc3, 0x30, 0x74,
    0x86, 0xd8, 0x3e, 0x9c,

    /* U+00D8 "Ø" */
    0xf, 0xfe, 0x2f, 0x83, 0xe6, 0xfd, 0x20, 0x84,
    0x39, 0xe4, 0x33, 0x6a, 0x20, 0xcc, 0x12, 0xe0,
    0xa2, 0xe, 0x80, 0xf5, 0xb4, 0x24, 0x36, 0x6,
    0xf, 0x41, 0x41, 0x21, 0x41, 0xf4, 0x12, 0x16,
    0x8, 0x3e, 0x50, 0x82, 0x2, 0x4, 0x3e, 0x8e,
    0x2, 0x1f, 0xfc, 0x8, 0x83, 0xff, 0x88, 0xa1,
    0xf, 0xfe, 0x24, 0x61, 0xff, 0xc4, 0xc8, 0x3f,
    0xf8, 0x88, 0x10, 0xff, 0xe2, 0x46, 0x1f, 0xfc,
    0x4c, 0x83, 0xfe, 0x40, 0x88, 0x10, 0xe4, 0x8,
    0x20, 0x44, 0x61, 0xe8, 0x18, 0x48, 0x32, 0xf,
    0x41, 0x21, 0x41, 0x90, 0xe9, 0x4, 0x1d, 0x5,
    0xd6, 0xd0, 0x48, 0x74, 0x19, 0x70, 0x52, 0x1c,
    0x83, 0x90, 0xcd, 0xa1, 0xe8, 0xc6, 0xfd, 0x21,
    0xe0,

    /* U+00D9 "Ù" */
    0xd, 0xf2, 0x1f, 0xfc, 0x1c, 0x10, 0x7f, 0xf0,
    0xa0, 0x41, 0xff, 0xc1, 0x50, 0x87, 0xff, 0xa,
    0x6, 0x1f, 0xfc, 0x2f, 0x83, 0xff, 0x99, 0xf0,
    0x7f, 0x9f, 0x41, 0xff, 0xff, 0xf, 0xff, 0xf8,
    0x7f, 0xff, 0xc3, 0xff, 0x82, 0x87, 0xff, 0x1d,
    0xf, 0xec, 0x1e, 0x4, 0x1f, 0xc8, 0x14, 0x14,
    0x1f, 0x60, 0x41, 0x81, 0xe5, 0xac, 0x28, 0x2c,
    0x26, 0xa4, 0xe, 0x1d, 0xc8, 0x73, 0xc1, 0x0,

    /* U+00DA "Ú" */
    0xf, 0xe7, 0xe0, 0xff, 0xe0, 0xc0, 0xc3, 0xff,
    0x81, 0x2, 0xf, 0xfe, 0x2, 0x89, 0xf, 0xfe,
    0x4, 0x28, 0x3f, 0xf8, 0x3e, 0x83, 0xff, 0x99,
    0xf0, 0x7f, 0x9f, 0x41, 0xff, 0xff, 0xf, 0xff,
    0xf8, 0x7f, 0xff, 0xc3, 0xff, 0x82, 0x87, 0xff,
    0x1d, 0xf, 0xec, 0x1e, 0x4, 0x1f, 0xc8, 0x14,
    0x14, 0x1f, 0x60, 0x41, 0x81, 0xe5, 0xac, 0x28,
    0x2c, 0x26, 0xa4, 0xe, 0x1d, 0xc8, 0x73, 0xc1,
    0x0,

    /* U+00DB "Û" */
    0xf, 0xbd, 0x7, 0xff, 0x7, 0x3, 0x7, 0xfd,
    0x3, 0x14, 0x1f, 0xd2, 0x66, 0x48, 0x7f, 0x38,
    0x5a, 0x1f, 0xd4, 0xe, 0x90, 0xff, 0xe4, 0xfc,
    0x1f, 0xe7, 0xd0, 0x7f, 0xff, 0xc3, 0xff, 0xfe,
    0x1f, 0xff, 0xf0, 0xff, 0xe0, 0xa1, 0xff, 0xc7,
    0x43, 0xfb, 0x7, 0x81, 0x7, 0xf2, 0x5, 0x5,
    0x7, 0xd8, 0x10, 0x60, 0x79, 0x6b, 0xa, 0xb,
    0x9, 0xa9, 0x3, 0x87, 0x72, 0x1c, 0xf0, 0x40,

    /* U+00DC "Ü" */
    0xd, 0xe4, 0x27, 0xc1, 0xf4, 0x8, 0x28, 0x8,
    0x7b, 0x2, 0x12, 0x1f, 0xcf, 0xa0, 0xaf, 0x21,
    0xff, 0xd9, 0xf8, 0x3f, 0xcf, 0xa0, 0xff, 0xff,
    0x87, 0xff, 0xfc, 0x3f, 0xff, 0xe1, 0xff, 0xc1,
    0x43, 0xff, 0x8e, 0x87, 0xf6, 0xf, 0x2, 0xf,
    0xe4, 0xa, 0xa, 0xf, 0xb0, 0x20, 0xc0, 0xf2,
    0xd6, 0x14, 0x16, 0x13, 0x52, 0x7, 0xe, 0xe4,
    0x39, 0xe0, 0x80,

    /* U+00DD "Ý" */
    0xf, 0xf9, 0xa0, 0x7f, 0xf0, 0xe8, 0x87, 0xff,
    0xd, 0x43, 0x7, 0xff, 0xa, 0x18, 0x3f, 0xf8,
    0x50, 0x20, 0xff, 0xe1, 0xde, 0xf, 0xfe, 0x7b,
    0xf0, 0x7f, 0xd7, 0xa4, 0x24, 0x3f, 0x94, 0x8,
    0x81, 0x7, 0xf4, 0x8, 0x8, 0x50, 0x7c, 0x84,
    0x85, 0x81, 0xf, 0xa0, 0x41, 0xc8, 0x20, 0xe4,
    0x24, 0x3a, 0x2, 0x1d, 0x3, 0xf, 0x90, 0x41,
    0x20, 0x43, 0xf4, 0x4, 0x28, 0x10, 0x7f, 0x40,
    0x84, 0x8, 0x7f, 0x90, 0x2a, 0x4, 0x1f, 0xf6,
    0x8, 0x10, 0x7f, 0xf0, 0x50, 0xc8, 0x7f, 0xf0,
    0x60, 0xa0, 0xff, 0xe3, 0x21, 0xff, 0xff, 0xf,
    0xff, 0xa8,

    /* U+00DE "Þ" */
    0x7d, 0x7, 0xff, 0xcd, 0xff, 0x48, 0x7f, 0xf0,
    0x9b, 0xf, 0x35, 0xc8, 0x58, 0x79, 0x7a, 0xc2,
    0x83, 0xff, 0x81, 0x81, 0xf, 0xfe, 0xa, 0x4,
    0x3f, 0xf8, 0x18, 0x7f, 0xf0, 0xf0, 0xff, 0xe1,
    0xa0, 0x43, 0xfe, 0x43, 0xff, 0x85, 0x40, 0x41,
    0x9f, 0xf2, 0x9, 0xf, 0xfe, 0x3, 0xa1, 0xcd,
    0x77, 0xa0, 0xfc, 0xbc, 0x1f, 0xfe, 0xb0,

    /* U+00DF "ß" */
    0xe, 0x58, 0x3f, 0xeb, 0xab, 0x83, 0xf6, 0x87,
    0x38, 0x7b, 0x3, 0xf2, 0x8, 0x32, 0x6, 0xa,
    0x2, 0x1b, 0x6, 0x1c, 0x87, 0x90, 0x21, 0xff,
    0xc9, 0x43, 0xff, 0x84, 0x81, 0xf, 0xfe, 0x4,
    0x8, 0x3f, 0xe4, 0x8, 0x7f, 0xf0, 0x30, 0x61,
    0xff, 0xd0, 0xc1, 0x7, 0xff, 0x1, 0xa, 0xf,
    0xfe, 0x6, 0x7, 0xf, 0xfe, 0x6, 0x16, 0x1f,
    0xfc, 0xd, 0x6, 0x1f, 0xfc, 0x8, 0x24, 0x3f,
    0xf8, 0x10, 0x30, 0xff, 0xe8, 0x40, 0xc3, 0xae,
    0x5b, 0x9, 0xe, 0x46, 0xa0, 0xb0, 0xf4, 0x87,
    0x38, 0x0,

    /* U+00E0 "à" */
    0x9, 0xf8, 0x3f, 0xe6, 0x6, 0x1f, 0xf3, 0x2,
    0xf, 0xf9, 0x85, 0x7, 0xfc, 0xf9, 0xf, 0xfe,
    0x63, 0x7e, 0x83, 0xee, 0x43, 0x3a, 0x1b, 0xa,
    0xa4, 0x10, 0x50, 0x1d, 0x69, 0x4, 0x4, 0x10,
    0x74, 0x4, 0x1f, 0x7, 0xff, 0x49, 0xbf, 0x83,
    0xcf, 0x21, 0xfe, 0x60, 0x5f, 0xc1, 0xd0, 0x34,
    0x3f, 0xf8, 0x8, 0x7f, 0xc8, 0x7f, 0xf0, 0x90,
    0x28, 0x3b, 0xe, 0x41, 0x5b, 0xc1, 0xe8, 0x25,
    0x80, 0xa0, 0x20, 0xe0, 0xcf, 0x6a, 0x0,

    /* U+00E1 "á" */
    0xf, 0xef, 0x90, 0xff, 0x40, 0x90, 0xfe, 0x51,
    0x21, 0xfe, 0x89, 0xf, 0xfb, 0xc8, 0x7f, 0xf3,
    0x1b, 0xf4, 0x1f, 0x72, 0x19, 0xd0, 0xd8, 0x55,
    0x20, 0x82, 0x80, 0xeb, 0x48, 0x20, 0x20, 0x83,
    0xa0, 0x20, 0xf8, 0x3f, 0xfa, 0x4d, 0xfc, 0x1e,
    0x79, 0xf, 0xf3, 0x2, 0xfe, 0xe, 0x81, 0xa1,
    0xff, 0xc0, 0x43, 0xfe, 0x43, 0xff, 0x84, 0x81,
    0x41, 0xd8, 0x72, 0xa, 0xde, 0xf, 0x41, 0x2c,
    0x5, 0x1, 0x7, 0x6, 0x7b, 0x50,

    /* U+00E2 "â" */
    0xf, 0x3e, 0x43, 0xfc, 0xc0, 0x90, 0xfc, 0xc7,
    0x89, 0xf, 0x31, 0x83, 0x24, 0x39, 0xf0, 0x6f,
    0x21, 0xff, 0xc9, 0x6f, 0xd0, 0x7d, 0xc8, 0x67,
    0x43, 0x61, 0x54, 0x82, 0xa, 0x3, 0xad, 0x20,
    0x80, 0x82, 0xe, 0x80, 0x83, 0xe0, 0xff, 0xe9,
    0x37, 0xf0, 0x79, 0xe4, 0x3f, 0xcc, 0xb, 0xf8,
    0x3a, 0x6, 0x87, 0xff, 0x1, 0xf, 0xf9, 0xf,
    0xfe, 0x12, 0x5, 0x7, 0x61, 0xc8, 0x2b, 0x78,
    0x3d, 0x4, 0xb0, 0x14, 0x4, 0x1c, 0x19, 0xed,
    0x40,

    /* U+00E3 "ã" */
    0xf, 0xfe, 0x3d, 0xe9, 0x5, 0xc1, 0xb4, 0xd,
    0xe4, 0x82, 0x41, 0x70, 0x68, 0x33, 0xe4, 0x7f,
    0x21, 0xff, 0xd8, 0x6f, 0xd0, 0x7d, 0xc8, 0x67,
    0x43, 0x61, 0x54, 0x82, 0xa, 0x3, 0xad, 0x20,
    0x80, 0x82, 0xe, 0x80, 0x83, 0xe0, 0xff, 0xe9,
    0x37, 0xf0, 0x79, 0xe4, 0x3f, 0xcc, 0xb, 0xf8,
    0x3a, 0x6, 0x87, 0xff, 0x1, 0xf, 0xf9, 0xf,
    0xfe, 0x12, 0x5, 0x7, 0x61, 0xc8, 0x2b, 0x78,
    0x3d, 0x4, 0xb0, 0x14, 0x4, 0x1c, 0x19, 0xed,
    0x40,

    /* U+00E4 "ä" */
    0x9, 0xf0, 0x6b, 0x83, 0xa0, 0x21, 0x22, 0x1c,
    0x81, 0xf, 0xfa, 0xf0, 0x6f, 0x83, 0xff, 0x92,
    0xdf, 0xa0, 0xfb, 0x90, 0xce, 0x86, 0xc2, 0xa9,
    0x4, 0x14, 0x7, 0x5a, 0x41, 0x1, 0x4, 0x1d,
    0x1, 0x7, 0xc1, 0xff, 0xd2, 0x6f, 0xe0, 0xf3,
    0xc8, 0x7f, 0x98, 0x17, 0xf0, 0x74, 0xd, 0xf,
    0xfe, 0x2, 0x1f, 0xf2, 0x1f, 0xfc, 0x24, 0xa,
    0xe, 0xc3, 0x90, 0x56, 0xf0, 0x7a, 0x9, 0x60,
    0x28, 0x8, 0x38, 0x33, 0xda, 0x80,

    /* U+00E5 "å" */
    0xf, 0xfe, 0x4d, 0xf0, 0x7f, 0xb6, 0x86, 0x1f,
    0xe9, 0x50, 0x87, 0xff, 0x1, 0xf, 0xfa, 0x6,
    0x21, 0xfb, 0x3c, 0x41, 0xfe, 0xfc, 0x87, 0xff,
    0x2d, 0xbf, 0x41, 0xf7, 0x21, 0x9d, 0xd, 0x85,
    0x52, 0x8, 0x28, 0xe, 0xb4, 0x82, 0x2, 0x8,
    0x3a, 0x2, 0xf, 0x83, 0xff, 0xa4, 0xdf, 0xc1,
    0xe7, 0x90, 0xff, 0x30, 0x2f, 0xe0, 0xe8, 0x1a,
    0x1f, 0xfc, 0x4, 0x3f, 0xe4, 0x3f, 0xf8, 0x48,
    0x14, 0x1d, 0x87, 0x20, 0xad, 0xe0, 0xf4, 0x12,
    0xc0, 0x50, 0x10, 0x70, 0x67, 0xb5, 0x0,

    /* U+00E6 "æ" */
    0xd, 0x7e, 0x90, 0xcf, 0xe8, 0x3d, 0x68, 0x66,
    0x83, 0xc1, 0x9e, 0xa, 0x40, 0xd1, 0x3, 0xc0,
    0x68, 0x81, 0x80, 0x82, 0x8a, 0xb0, 0xee, 0x55,
    0x81, 0xc, 0xa0, 0xe8, 0x28, 0x3d, 0x2, 0x3d,
    0x7, 0xf9, 0xf, 0x20, 0x43, 0xff, 0xa1, 0x7f,
    0xa0, 0xbf, 0xf0, 0x67, 0x43, 0xff, 0x95, 0x1,
    0xbf, 0x40, 0x7f, 0xfe, 0x80, 0xc8, 0x7c, 0x87,
    0xff, 0xa, 0xf, 0xfe, 0xbc, 0x1f, 0xfc, 0x18,
    0x39, 0x82, 0x50, 0x79, 0x88, 0xc, 0xb7, 0x2,
    0x5, 0xad, 0x72, 0x88, 0xd, 0x41, 0x6c, 0x15,
    0x48, 0x48, 0xe8, 0x66, 0xc0, 0xf2, 0x19, 0xb0,

    /* U+00E7 "ç" */
    0xc, 0xdf, 0xa0, 0xfa, 0x88, 0x67, 0x43, 0x48,
    0x1a, 0x20, 0x90, 0x28, 0x1c, 0xaa, 0x2, 0x4,
    0xc, 0x39, 0x80, 0x84, 0x87, 0xc8, 0x34, 0x18,
    0x7e, 0xf4, 0x1f, 0xfc, 0x3c, 0x3f, 0xfa, 0x38,
    0x7f, 0xf0, 0x90, 0x61, 0xfa, 0x88, 0x48, 0x7c,
    0xb0, 0x20, 0x61, 0xe8, 0x8, 0xa0, 0x72, 0xac,
    0x10, 0x52, 0x6, 0x88, 0x24, 0x35, 0xa1, 0xad,
    0xf, 0xa0, 0x3a, 0x1f, 0xfc, 0x7, 0xf, 0xfb,
    0xc0, 0x83, 0xff, 0x9b, 0x60, 0x83, 0xfc, 0x8e,
    0x1c,

    /* U+00E8 "è" */
    0xa, 0xf8, 0x3f, 0xe9, 0x4, 0x1f, 0xf4, 0x8a,
    0xf, 0xfa, 0x48, 0x3f, 0xf8, 0x17, 0x83, 0xff,
    0x9d, 0x7e, 0x83, 0xe7, 0x43, 0x3a, 0x19, 0x80,
    0xd1, 0x4, 0x85, 0x3, 0x95, 0x40, 0x40, 0x81,
    0x87, 0x28, 0x8, 0x87, 0xf6, 0xd, 0x2, 0xfe,
    0xf, 0x9a, 0xfc, 0x7, 0xf, 0xfe, 0x2d, 0xff,
    0xfc, 0x0, 0x61, 0xff, 0x20, 0x43, 0xff, 0x86,
    0x87, 0xc8, 0x50, 0x24, 0x39, 0xb0, 0x28, 0x14,
    0x5b, 0x83, 0xa4, 0xd, 0x41, 0x61, 0xad, 0xc,
    0xd8, 0x0,

    /* U+00E9 "é" */
    0xf, 0xef, 0x90, 0xff, 0x60, 0x90, 0xfe, 0x81,
    0xa1, 0xfc, 0xa3, 0xf, 0xf9, 0xf0, 0x7f, 0xf3,
    0xaf, 0xd0, 0x7c, 0xe8, 0x67, 0x43, 0x30, 0x1a,
    0x20, 0x90, 0xa0, 0x72, 0xa8, 0x8, 0x10, 0x30,
    0xe5, 0x1, 0x10, 0xfe, 0xc1, 0xa0, 0x5f, 0xc1,
    0xf3, 0x5f, 0x80, 0xe1, 0xff, 0xc5, 0xbf, 0xff,
    0x80, 0xc, 0x3f, 0xe4, 0x8, 0x7f, 0xf0, 0xd0,
    0xf9, 0xa, 0x4, 0x87, 0x36, 0x5, 0x2, 0x8b,
    0x70, 0x74, 0x81, 0xa8, 0x2c, 0x35, 0xa1, 0x9b,
    0x0,

    /* U+00EA "ê" */
    0xf, 0x5e, 0xf, 0xfa, 0x41, 0x87, 0xf4, 0x9c,
    0x61, 0xf4, 0xac, 0x73, 0xf, 0x5c, 0x1b, 0xc1,
    0xff, 0xcb, 0xbf, 0x41, 0xf3, 0xa1, 0x9d, 0xc,
    0xc0, 0x68, 0x82, 0x42, 0x81, 0xca, 0xa0, 0x20,
    0x40, 0xc3, 0x94, 0x4, 0x43, 0xfb, 0x6, 0x81,
    0x7f, 0x7, 0xcd, 0x7e, 0x3, 0x87, 0xff, 0x16,
    0xff, 0xfe, 0x0, 0x30, 0xff, 0x90, 0x21, 0xff,
    0xc3, 0x43, 0xe4, 0x28, 0x12, 0x1c, 0xd8, 0x14,
    0xa, 0x2d, 0xc1, 0xd2, 0x6, 0xa0, 0xb0, 0xd6,
    0x86, 0x6c, 0x0,

    /* U+00EB "ë" */
    0xa, 0xe0, 0xde, 0x43, 0x91, 0x9, 0x4, 0x1f,
    0xf2, 0x4, 0x3b, 0xe0, 0xde, 0x83, 0xff, 0x95,
    0x7e, 0x83, 0xe7, 0x43, 0x3a, 0x19, 0x80, 0xd1,
    0x4, 0x85, 0x3, 0x95, 0x40, 0x40, 0x81, 0x87,
    0x28, 0x8, 0x87, 0xf6, 0xd, 0x2, 0xfe, 0xf,
    0x9a, 0xfc, 0x7, 0xf, 0xfe, 0x2d, 0xff, 0xfc,
    0x0, 0x61, 0xff, 0x20, 0x43, 0xff, 0x86, 0x87,
    0xc8, 0x50, 0x24, 0x39, 0xb0, 0x28, 0x14, 0x5b,
    0x83, 0xa4, 0xd, 0x41, 0x61, 0xad, 0xc, 0xd8,
    0x0,

    /* U+00EC "ì" */
    0x7e, 0x9, 0x81, 0x4, 0xc3, 0x4, 0xc2, 0x19,
    0xf0, 0x7f, 0xd7, 0x90, 0xff, 0xff, 0x87, 0xff,
    0x64,

    /* U+00ED "í" */
    0xb, 0xe4, 0x18, 0x24, 0x81, 0xa2, 0x8c, 0x27,
    0xc1, 0xff, 0x5e, 0x43, 0xff, 0xfe, 0x1f, 0xfd,
    0xc0,

    /* U+00EE "î" */
    0x9, 0xf2, 0x1d, 0x40, 0x48, 0x52, 0x78, 0x91,
    0x1c, 0x1b, 0x8d, 0x3, 0x50, 0x3f, 0xf8, 0x57,
    0x90, 0xff, 0xff, 0x87, 0xff, 0xfc, 0x3f, 0xf8,
    0x20,

    /* U+00EF "ï" */
    0x2f, 0x6, 0xf4, 0x4, 0x8, 0x10, 0x21, 0xc8,
    0x10, 0xef, 0x83, 0x7c, 0x1f, 0xfc, 0x5b, 0xc8,
    0x7f, 0xff, 0xc3, 0xff, 0xfe, 0x1f, 0xfe, 0x20,

    /* U+00F0 "ð" */
    0xc, 0x87, 0xff, 0xa, 0x9e, 0x43, 0x90, 0xe4,
    0x2b, 0x3, 0xc1, 0xdc, 0x85, 0xe8, 0x43, 0xcd,
    0xa1, 0xb8, 0x3f, 0xf8, 0x48, 0x7e, 0x74, 0x81,
    0x21, 0xf6, 0x3b, 0x2, 0xf, 0xae, 0x2, 0x12,
    0x1f, 0x94, 0x8, 0x10, 0x73, 0xea, 0x78, 0x3f,
    0x50, 0x3d, 0x4, 0x82, 0x41, 0x7d, 0x7, 0xc8,
    0x34, 0x27, 0x41, 0x90, 0x20, 0xfa, 0xc, 0x81,
    0xf, 0xfe, 0xda, 0x1f, 0xfc, 0x6c, 0x3f, 0xf8,
    0x18, 0x12, 0x4, 0x1f, 0x21, 0x90, 0x30, 0x76,
    0x8, 0x2c, 0xe, 0xb6, 0x5, 0x6, 0xc2, 0xa8,
    0xc, 0x1e, 0xe4, 0x26, 0x81, 0x0,

    /* U+00F1 "ñ" */
    0xf, 0xfe, 0x2d, 0xe9, 0x7, 0x90, 0xb4, 0xd,
    0xe0, 0x20, 0x41, 0x44, 0x34, 0x13, 0xe5, 0x5f,
    0x90, 0xff, 0xe9, 0x7c, 0x7, 0xf4, 0x1f, 0x70,
    0x67, 0xe, 0xc0, 0xc8, 0x58, 0x75, 0xcd, 0x87,
    0xd2, 0x1c, 0x81, 0x9, 0xf, 0x61, 0xff, 0xff,
    0xf, 0xff, 0xf8, 0x7c,

    /* U+00F2 "ò" */
    0x9, 0xf8, 0x3f, 0xf8, 0xc, 0x8, 0x3f, 0xf8,
    0xc, 0x28, 0x3f, 0xf8, 0xc, 0x41, 0xff, 0xc1,
    0x7c, 0x1f, 0xfd, 0xb, 0xf4, 0x87, 0xce, 0x86,
    0x68, 0x1d, 0x40, 0x34, 0x40, 0xe1, 0x28, 0x1c,
    0xab, 0xa, 0x4, 0x8, 0x3d, 0x81, 0xe, 0x43,
    0xe4, 0xa, 0x2, 0x1f, 0xb0, 0x61, 0x61, 0xf9,
    0xb, 0xf, 0xfe, 0x12, 0x1f, 0xfc, 0x37, 0x6,
    0x1f, 0x90, 0x90, 0x21, 0xfb, 0x6, 0x19, 0xf,
    0x90, 0x24, 0x8, 0x3d, 0x81, 0x2, 0x81, 0xca,
    0xb0, 0xa0, 0xa4, 0xd, 0x10, 0x38, 0x75, 0xa1,
    0x9a, 0x4,

    /* U+00F3 "ó" */
    0xf, 0xef, 0x90, 0xff, 0xa0, 0x48, 0x7f, 0x94,
    0x48, 0x7f, 0xd1, 0x21, 0xff, 0xc0, 0xf2, 0x1f,
    0xfc, 0xfb, 0xf4, 0x87, 0xce, 0x86, 0x68, 0x1d,
    0x40, 0x34, 0x40, 0xe1, 0x28, 0x1c, 0xab, 0xa,
    0x4, 0x8, 0x3d, 0x81, 0xe, 0x43, 0xe4, 0xa,
    0x2, 0x1f, 0xb0, 0x61, 0x61, 0xf9, 0xb, 0xf,
    0xfe, 0x12, 0x1f, 0xfc, 0x37, 0x6, 0x1f, 0x90,
    0x90, 0x21, 0xfb, 0x6, 0x19, 0xf, 0x90, 0x24,
    0x8, 0x3d, 0x81, 0x2, 0x81, 0xca, 0xb0, 0xa0,
    0xa4, 0xd, 0x10, 0x38, 0x75, 0xa1, 0x9a, 0x4,

    /* U+00F4 "ô" */
    0xf, 0x3e, 0x43, 0xfe, 0x60, 0x48, 0x7f, 0x31,
    0xe2, 0x43, 0xe6, 0x30, 0x64, 0x87, 0x9f, 0x6,
    0xf2, 0x1f, 0xfc, 0xcb, 0xf4, 0x87, 0xce, 0x86,
    0x68, 0x1d, 0x40, 0x34, 0x40, 0xe1, 0x28, 0x1c,
    0xab, 0xa, 0x4, 0x8, 0x3d, 0x81, 0xe, 0x43,
    0xe4, 0xa, 0x2, 0x1f, 0xb0, 0x61, 0x61, 0xf9,
    0xb, 0xf, 0xfe, 0x12, 0x1f, 0xfc, 0x37, 0x6,
    0x1f, 0x90, 0x90, 0x21, 0xfb, 0x6, 0x19, 0xf,
    0x90, 0x24, 0x8, 0x3d, 0x81, 0x2, 0x81, 0xca,
    0xb0, 0xa0, 0xa4, 0xd, 0x10, 0x38, 0x75, 0xa1,
    0x9a, 0x4,

    /* U+00F5 "õ" */
    0xf, 0xfe, 0x45, 0xe9, 0x7, 0x90, 0xed, 0x3,
    0x78, 0x8, 0x64, 0x16, 0x86, 0x83, 0x9f, 0x25,
    0xf9, 0xf, 0xfe, 0xe5, 0xfa, 0x43, 0xe7, 0x43,
    0x34, 0xe, 0xa0, 0x1a, 0x20, 0x70, 0x94, 0xe,
    0x55, 0x85, 0x2, 0x4, 0x1e, 0xc0, 0x87, 0x21,
    0xf2, 0x5, 0x1, 0xf, 0xd8, 0x30, 0xb0, 0xfc,
    0x85, 0x87, 0xff, 0x9, 0xf, 0xfe, 0x1b, 0x83,
    0xf, 0xc8, 0x48, 0x10, 0xfd, 0x83, 0xc, 0x87,
    0xc8, 0x12, 0x4, 0x1e, 0xc0, 0x81, 0x40, 0xe5,
    0x58, 0x50, 0x52, 0x6, 0x88, 0x1c, 0x3a, 0xd0,
    0xcd, 0x2,

    /* U+00F6 "ö" */
    0xa, 0xf0, 0x6f, 0x41, 0xe4, 0x8, 0x10, 0x21,
    0xfc, 0x81, 0xf, 0xef, 0x83, 0x7c, 0x1f, 0xfc,
    0xcb, 0xf4, 0x87, 0xce, 0x86, 0x68, 0x1d, 0x40,
    0x34, 0x40, 0xe1, 0x28, 0x1c, 0xab, 0xa, 0x4,
    0x8, 0x3d, 0x81, 0xe, 0x43, 0xe4, 0xa, 0x2,
    0x1f, 0xb0, 0x61, 0x61, 0xf9, 0xb, 0xf, 0xfe,
    0x12, 0x1f, 0xfc, 0x37, 0x6, 0x1f, 0x90, 0x90,
    0x21, 0xfb, 0x6, 0x19, 0xf, 0x90, 0x24, 0x8,
    0x3d, 0x81, 0x2, 0x81, 0xca, 0xb0, 0xa0, 0xa4,
    0xd, 0x10, 0x38, 0x75, 0xa1, 0x9a, 0x4,

    /* U+00F7 "÷" */
    0xf, 0x3e, 0x43, 0xff, 0x81, 0x83, 0xf, 0xfe,
    0x85, 0x60, 0xff, 0xe0, 0xa8, 0x3f, 0xf9, 0x7f,
    0xff, 0xc3, 0x83, 0xff, 0xa9, 0xff, 0xfc, 0x38,
    0x3f, 0xfb, 0x6a, 0xf, 0xfe, 0xd, 0x60, 0xff,
    0xe0, 0x21, 0xff, 0xc3, 0x81, 0x87, 0x80,

    /* U+00F8 "ø" */
    0xf, 0xfe, 0x7, 0x83, 0xff, 0x86, 0x87, 0xd7,
    0xea, 0x10, 0x73, 0xa1, 0x94, 0x1e, 0xa0, 0x1a,
    0x21, 0x41, 0x28, 0x1c, 0xa8, 0x25, 0x2, 0x4,
    0x1a, 0x20, 0x41, 0xc8, 0x65, 0xc0, 0x50, 0x10,
    0xd1, 0x18, 0x30, 0xb0, 0xca, 0x2, 0x16, 0x1e,
    0x88, 0x39, 0xc3, 0xca, 0xf, 0x21, 0x60, 0xc8,
    0x24, 0x24, 0x8, 0x88, 0x6c, 0x18, 0x66, 0x20,
    0xc8, 0x12, 0x4, 0x21, 0xb0, 0x20, 0x50, 0x65,
    0x58, 0x50, 0x52, 0x6, 0x88, 0x1c, 0x39, 0x10,
    0xcd, 0x3, 0x91, 0xbf, 0x48, 0x7c, 0xc1, 0xff,
    0x0,

    /* U+00F9 "ù" */
    0x3, 0xf0, 0x7f, 0x98, 0x10, 0x7f, 0x98, 0x50,
    0x7f, 0x98, 0x83, 0xfe, 0x7c, 0x1f, 0xfc, 0x8f,
    0x83, 0xe7, 0xc8, 0x7f, 0xff, 0xc3, 0xff, 0xfe,
    0x19, 0x2, 0x1e, 0xc2, 0xc1, 0x7, 0x48, 0x48,
    0x5c, 0xda, 0x1d, 0x4, 0xc8, 0x10, 0xce, 0x86,
    0x7c, 0x10,

    /* U+00FA "ú" */
    0xf, 0xdf, 0x21, 0xfd, 0x83, 0x43, 0xf4, 0xc,
    0x3f, 0x94, 0x61, 0xfe, 0x7c, 0x1f, 0xfc, 0x8f,
    0x83, 0xe7, 0xc8, 0x7f, 0xff, 0xc3, 0xff, 0xfe,
    0x19, 0x2, 0x1e, 0xc2, 0xc1, 0x7, 0x48, 0x48,
    0x5c, 0xda, 0x1d, 0x4, 0xc8, 0x10, 0xce, 0x86,
    0x7c, 0x10,

    /* U+00FB "û" */
    0xe, 0xbc, 0x87, 0xf4, 0x82, 0x43, 0xe9, 0x5e,
    0x24, 0x39, 0x18, 0x1b, 0x87, 0x34, 0xd, 0x40,
    0xff, 0xe2, 0xfc, 0x1f, 0x3e, 0x43, 0xff, 0xfe,
    0x1f, 0xff, 0xf0, 0xc8, 0x10, 0xf6, 0x16, 0x8,
    0x3a, 0x42, 0x42, 0xe6, 0xd0, 0xe8, 0x26, 0x40,
    0x86, 0x74, 0x33, 0xe0, 0x80,

    /* U+00FC "ü" */
    0x5, 0xc1, 0xbc, 0x86, 0x44, 0x24, 0x10, 0x7f,
    0x90, 0x21, 0xbe, 0xd, 0xe8, 0x3f, 0xf8, 0x9f,
    0x7, 0xcf, 0x90, 0xff, 0xff, 0x87, 0xff, 0xfc,
    0x32, 0x4, 0x3d, 0x85, 0x82, 0xe, 0x90, 0x90,
    0xb9, 0xb4, 0x3a, 0x9, 0x90, 0x21, 0x9d, 0xc,
    0xf8, 0x20,

    /* U+00FD "ý" */
    0xf, 0xef, 0x90, 0xff, 0x60, 0x90, 0xfe, 0x81,
    0xa1, 0xfc, 0xa3, 0xf, 0xf9, 0xf0, 0x7f, 0xf2,
    0x5f, 0x41, 0xf5, 0xe9, 0x2, 0x1f, 0x20, 0x84,
    0x8, 0x7f, 0xd8, 0x30, 0xe4, 0x10, 0x10, 0x21,
    0xd0, 0x10, 0x90, 0x21, 0xff, 0x40, 0xc2, 0x41,
    0x7, 0xc8, 0x58, 0x10, 0xe8, 0x8, 0x11, 0xf,
    0x20, 0xc4, 0x18, 0x7c, 0x89, 0x81, 0xf, 0xb0,
    0x28, 0x43, 0xf2, 0x8, 0x18, 0x7f, 0x21, 0x90,
    0xfe, 0xc2, 0x43, 0xfc, 0x85, 0x7, 0xff, 0x42,
    0xf, 0xfa, 0x2, 0x1f, 0xe5, 0x8, 0x7e, 0x6a,
    0x4, 0x1f, 0xb5, 0x2, 0xf, 0xfe, 0x3, 0x21,
    0xf8,

    /* U+00FE "þ" */
    0xbc, 0x1f, 0xff, 0xf0, 0xff, 0xe2, 0xdf, 0xa0,
    0xf9, 0xd0, 0xce, 0x1e, 0x86, 0x88, 0x58, 0x7a,
    0x8a, 0xb0, 0xa0, 0xd2, 0x1d, 0x81, 0xc, 0x87,
    0xc8, 0x10, 0xff, 0xb0, 0xff, 0xe2, 0xe1, 0xff,
    0xe0, 0xc3, 0xfe, 0xc3, 0xc8, 0x7c, 0x81, 0xa,
    0xf, 0x60, 0x43, 0xb9, 0x56, 0x14, 0x19, 0x1a,
    0x21, 0x61, 0xd6, 0x86, 0x70, 0xfd, 0x7e, 0x83,
    0xff, 0xfe, 0x18,

    /* U+00FF "ÿ" */
    0xa, 0xe0, 0xde, 0x83, 0x91, 0x40, 0x40, 0x87,
    0xe4, 0x8, 0x7e, 0xf8, 0x37, 0xc1, 0xff, 0xc5,
    0x7d, 0x7, 0xd7, 0xa4, 0x8, 0x7c, 0x82, 0x10,
    0x21, 0xff, 0x60, 0xc3, 0x90, 0x40, 0x40, 0x87,
    0x40, 0x42, 0x40, 0x87, 0xfd, 0x3, 0x9, 0x4,
    0x1f, 0x21, 0x60, 0x43, 0xa0, 0x20, 0x44, 0x3c,
    0x83, 0x10, 0x61, 0xf2, 0x26, 0x4, 0x3e, 0xc0,
    0xa1, 0xf, 0xc8, 0x20, 0x61, 0xfc, 0x86, 0x43,
    0xfb, 0x9, 0xf, 0xf2, 0x14, 0x1f, 0xfd, 0x8,
    0x3f, 0xe8, 0x8, 0x7f, 0x94, 0x21, 0xf9, 0xa8,
    0x10, 0x7e, 0xd4, 0x8, 0x3f, 0xf8, 0xc, 0x87,
    0xe0
};


/*---------------------
 *  GLYPH DESCRIPTION
 *--------------------*/

static const lv_font_fmt_txt_glyph_dsc_t glyph_dsc[] = {
    {.bitmap_index = 0, .adv_w = 0, .box_w = 0, .box_h = 0, .ofs_x = 0, .ofs_y = 0} /* id = 0 reserved */,
    {.bitmap_index = 0, .adv_w = 127, .box_w = 0, .box_h = 0, .ofs_x = 0, .ofs_y = 0},
    {.bitmap_index = 0, .adv_w = 132, .box_w = 4, .box_h = 22, .ofs_x = 2, .ofs_y = 0},
    {.bitmap_index = 13, .adv_w = 164, .box_w = 7, .box_h = 8, .ofs_x = 2, .ofs_y = 15},
    {.bitmap_index = 24, .adv_w = 315, .box_w = 19, .box_h = 22, .ofs_x = 1, .ofs_y = 0},
    {.bitmap_index = 107, .adv_w = 288, .box_w = 16, .box_h = 29, .ofs_x = 1, .ofs_y = -3},
    {.bitmap_index = 195, .adv_w = 375, .box_w = 22, .box_h = 22, .ofs_x = 1, .ofs_y = 0},
    {.bitmap_index = 299, .adv_w = 318, .box_w = 19, .box_h = 22, .ofs_x = 1, .ofs_y = 0},
    {.bitmap_index = 394, .adv_w = 89, .box_w = 3, .box_h = 8, .ofs_x = 1, .ofs_y = 15},
    {.bitmap_index = 400, .adv_w = 175, .box_w = 9, .box_h = 34, .ofs_x = 2, .ofs_y = -8},
    {.bitmap_index = 457, .adv_w = 178, .box_w = 9, .box_h = 34, .ofs_x = 0, .ofs_y = -8},
    {.bitmap_index = 517, .adv_w = 221, .box_w = 14, .box_h = 14, .ofs_x = 0, .ofs_y = 8},
    {.bitmap_index = 560, .adv_w = 290, .box_w = 16, .box_h = 17, .ofs_x = 1, .ofs_y = 2},
    {.bitmap_index = 588, .adv_w = 101, .box_w = 5, .box_h = 8, .ofs_x = 0, .ofs_y = -5},
    {.bitmap_index = 598, .adv_w = 141, .box_w = 9, .box_h = 3, .ofs_x = 0, .ofs_y = 8},
    {.bitmap_index = 603, .adv_w = 135, .box_w = 4, .box_h = 4, .ofs_x = 2, .ofs_y = 0},
    {.bitmap_index = 608, .adv_w = 211, .box_w = 13, .box_h = 25, .ofs_x = 0, .ofs_y = -3},
    {.bitmap_index = 673, .adv_w = 288, .box_w = 16, .box_h = 22, .ofs_x = 1, .ofs_y = 0},
    {.bitmap_index = 729, .adv_w = 288, .box_w = 10, .box_h = 22, .ofs_x = 2, .ofs_y = 0},
    {.bitmap_index = 749, .adv_w = 288, .box_w = 16, .box_h = 22, .ofs_x = 1, .ofs_y = 0},
    {.bitmap_index = 824, .adv_w = 288, .box_w = 15, .box_h = 22, .ofs_x = 1, .ofs_y = 0},
    {.bitmap_index = 900, .adv_w = 288, .box_w = 18, .box_h = 22, .ofs_x = 0, .ofs_y = 0},
    {.bitmap_index = 968, .adv_w = 288, .box_w = 15, .box_h = 22, .ofs_x = 2, .ofs_y = 0},
    {.bitmap_index = 1035, .adv_w = 288, .box_w = 15, .box_h = 22, .ofs_x = 2, .ofs_y = 0},
    {.bitmap_index = 1108, .adv_w = 288, .box_w = 16, .box_h = 22, .ofs_x = 1, .ofs_y = 0},
    {.bitmap_index = 1183, .adv_w = 288, .box_w = 16, .box_h = 22, .ofs_x = 1, .ofs_y = 0},
    {.bitmap_index = 1264, .adv_w = 288, .box_w = 15, .box_h = 22, .ofs_x = 1, .ofs_y = 0},
    {.bitmap_index = 1339, .adv_w = 124, .box_w = 4, .box_h = 17, .ofs_x = 2, .ofs_y = 0},
    {.bitmap_index = 1352, .adv_w = 108, .box_w = 6, .box_h = 22, .ofs_x = 0, .ofs_y = -5},
    {.bitmap_index = 1374, .adv_w = 260, .box_w = 13, .box_h = 14, .ofs_x = 1, .ofs_y = 3},
    {.bitmap_index = 1414, .adv_w = 281, .box_w = 14, .box_h = 9, .ofs_x = 2, .ofs_y = 6},
    {.bitmap_index = 1437, .adv_w = 268, .box_w = 14, .box_h = 14, .ofs_x = 2, .ofs_y = 3},
    {.bitmap_index = 1481, .adv_w = 242, .box_w = 13, .box_h = 22, .ofs_x = 1, .ofs_y = 0},
    {.bitmap_index = 1538, .adv_w = 460, .box_w = 27, .box_h = 28, .ofs_x = 1, .ofs_y = -6},
    {.bitmap_index = 1686, .adv_w = 334, .box_w = 21, .box_h = 22, .ofs_x = 0, .ofs_y = 0},
    {.bitmap_index = 1782, .adv_w = 319, .box_w = 17, .box_h = 22, .ofs_x = 2, .ofs_y = 0},
    {.bitmap_index = 1844, .adv_w = 333, .box_w = 19, .box_h = 22, .ofs_x = 1, .ofs_y = 0},
    {.bitmap_index = 1915, .adv_w = 336, .box_w = 18, .box_h = 22, .ofs_x = 2, .ofs_y = 0},
    {.bitmap_index = 1974, .adv_w = 291, .box_w = 16, .box_h = 22, .ofs_x = 2, .ofs_y = 0},
    {.bitmap_index = 2011, .adv_w = 283, .box_w = 15, .box_h = 22, .ofs_x = 2, .ofs_y = 0},
    {.bitmap_index = 2040, .adv_w = 349, .box_w = 19, .box_h = 22, .ofs_x = 1, .ofs_y = 0},
    {.bitmap_index = 2117, .adv_w = 365, .box_w = 19, .box_h = 22, .ofs_x = 2, .ofs_y = 0},
    {.bitmap_index = 2146, .adv_w = 139, .box_w = 4, .box_h = 22, .ofs_x = 2, .ofs_y = 0},
    {.bitmap_index = 2152, .adv_w = 283, .box_w = 16, .box_h = 22, .ofs_x = 0, .ofs_y = 0},
    {.bitmap_index = 2188, .adv_w = 321, .box_w = 19, .box_h = 22, .ofs_x = 2, .ofs_y = 0},
    {.bitmap_index = 2277, .adv_w = 276, .box_w = 15, .box_h = 22, .ofs_x = 2, .ofs_y = 0},
    {.bitmap_index = 2296, .adv_w = 447, .box_w = 24, .box_h = 22, .ofs_x = 2, .ofs_y = 0},
    {.bitmap_index = 2399, .adv_w = 365, .box_w = 19, .box_h = 22, .ofs_x = 2, .ofs_y = 0},
    {.bitmap_index = 2476, .adv_w = 352, .box_w = 20, .box_h = 22, .ofs_x = 1, .ofs_y = 0},
    {.bitmap_index = 2548, .adv_w = 323, .box_w = 17, .box_h = 22, .ofs_x = 2, .ofs_y = 0},
    {.bitmap_index = 2597, .adv_w = 352, .box_w = 20, .box_h = 26, .ofs_x = 1, .ofs_y = -4},
    {.bitmap_index = 2693, .adv_w = 315, .box_w = 18, .box_h = 22, .ofs_x = 2, .ofs_y = 0},
    {.bitmap_index = 2766, .adv_w = 304, .box_w = 17, .box_h = 22, .ofs_x = 1, .ofs_y = 0},
    {.bitmap_index = 2853, .adv_w = 306, .box_w = 19, .box_h = 22, .ofs_x = 0, .ofs_y = 0},
    {.bitmap_index = 2879, .adv_w = 332, .box_w = 17, .box_h = 22, .ofs_x = 2, .ofs_y = 0},
    {.bitmap_index = 2920, .adv_w = 326, .box_w = 20, .box_h = 22, .ofs_x = 0, .ofs_y = 0},
    {.bitmap_index = 3015, .adv_w = 454, .box_w = 28, .box_h = 22, .ofs_x = 0, .ofs_y = 0},
    {.bitmap_index = 3146, .adv_w = 321, .box_w = 20, .box_h = 22, .ofs_x = 0, .ofs_y = 0},
    {.bitmap_index = 3244, .adv_w = 308, .box_w = 19, .box_h = 22, .ofs_x = 0, .ofs_y = 0},
    {.bitmap_index = 3310, .adv_w = 307, .box_w = 17, .box_h = 22, .ofs_x = 1, .ofs_y = 0},
    {.bitmap_index = 3390, .adv_w = 136, .box_w = 7, .box_h = 31, .ofs_x = 2, .ofs_y = -5},
    {.bitmap_index = 3407, .adv_w = 210, .box_w = 13, .box_h = 25, .ofs_x = 0, .ofs_y = -3},
    {.bitmap_index = 3473, .adv_w = 136, .box_w = 7, .box_h = 31, .ofs_x = 0, .ofs_y = -5},
    {.bitmap_index = 3490, .adv_w = 214, .box_w = 12, .box_h = 11, .ofs_x = 1, .ofs_y = 11},
    {.bitmap_index = 3521, .adv_w = 231, .box_w = 15, .box_h = 3, .ofs_x = 0, .ofs_y = -2},
    {.bitmap_index = 3530, .adv_w = 158, .box_w = 8, .box_h = 5, .ofs_x = 0, .ofs_y = 19},
    {.bitmap_index = 3540, .adv_w = 279, .box_w = 15, .box_h = 17, .ofs_x = 1, .ofs_y = 0},
    {.bitmap_index = 3595, .adv_w = 287, .box_w = 15, .box_h = 23, .ofs_x = 2, .ofs_y = 0},
    {.bitmap_index = 3648, .adv_w = 268, .box_w = 15, .box_h = 17, .ofs_x = 1, .ofs_y = 0},
    {.bitmap_index = 3705, .adv_w = 289, .box_w = 15, .box_h = 23, .ofs_x = 1, .ofs_y = 0},
    {.bitmap_index = 3765, .adv_w = 271, .box_w = 15, .box_h = 17, .ofs_x = 1, .ofs_y = 0},
    {.bitmap_index = 3823, .adv_w = 178, .box_w = 12, .box_h = 24, .ofs_x = 0, .ofs_y = 0},
    {.bitmap_index = 3855, .adv_w = 287, .box_w = 15, .box_h = 23, .ofs_x = 1, .ofs_y = -6},
    {.bitmap_index = 3927, .adv_w = 282, .box_w = 14, .box_h = 23, .ofs_x = 2, .ofs_y = 0},
    {.bitmap_index = 3956, .adv_w = 124, .box_w = 4, .box_h = 22, .ofs_x = 2, .ofs_y = 0},
    {.bitmap_index = 3966, .adv_w = 122, .box_w = 8, .box_h = 28, .ofs_x = -2, .ofs_y = -6},
    {.bitmap_index = 3989, .adv_w = 260, .box_w = 15, .box_h = 23, .ofs_x = 2, .ofs_y = 0},
    {.bitmap_index = 4046, .adv_w = 124, .box_w = 4, .box_h = 23, .ofs_x = 2, .ofs_y = 0},
    {.bitmap_index = 4053, .adv_w = 449, .box_w = 24, .box_h = 17, .ofs_x = 2, .ofs_y = 0},
    {.bitmap_index = 4101, .adv_w = 283, .box_w = 14, .box_h = 17, .ofs_x = 2, .ofs_y = 0},
    {.bitmap_index = 4126, .adv_w = 292, .box_w = 16, .box_h = 17, .ofs_x = 1, .ofs_y = 0},
    {.bitmap_index = 4190, .adv_w = 287, .box_w = 15, .box_h = 23, .ofs_x = 2, .ofs_y = -6},
    {.bitmap_index = 4244, .adv_w = 291, .box_w = 15, .box_h = 23, .ofs_x = 1, .ofs_y = -6},
    {.bitmap_index = 4303, .adv_w = 173, .box_w = 9, .box_h = 17, .ofs_x = 2, .ofs_y = 0},
    {.bitmap_index = 4319, .adv_w = 264, .box_w = 14, .box_h = 17, .ofs_x = 1, .ofs_y = 0},
    {.bitmap_index = 4377, .adv_w = 167, .box_w = 10, .box_h = 21, .ofs_x = 0, .ofs_y = 0},
    {.bitmap_index = 4404, .adv_w = 282, .box_w = 14, .box_h = 17, .ofs_x = 2, .ofs_y = 0},
    {.bitmap_index = 4431, .adv_w = 248, .box_w = 15, .box_h = 17, .ofs_x = 0, .ofs_y = 0},
    {.bitmap_index = 4487, .adv_w = 385, .box_w = 24, .box_h = 17, .ofs_x = 0, .ofs_y = 0},
    {.bitmap_index = 4580, .adv_w = 254, .box_w = 16, .box_h = 17, .ofs_x = 0, .ofs_y = 0},
    {.bitmap_index = 4644, .adv_w = 242, .box_w = 15, .box_h = 23, .ofs_x = 0, .ofs_y = -6},
    {.bitmap_index = 4717, .adv_w = 254, .box_w = 14, .box_h = 17, .ofs_x = 1, .ofs_y = 0},
    {.bitmap_index = 4766, .adv_w = 173, .box_w = 10, .box_h = 32, .ofs_x = 1, .ofs_y = -7},
    {.bitmap_index = 4821, .adv_w = 125, .box_w = 4, .box_h = 27, .ofs_x = 2, .ofs_y = -5},
    {.bitmap_index = 4829, .adv_w = 173, .box_w = 10, .box_h = 32, .ofs_x = 0, .ofs_y = -7},
    {.bitmap_index = 4885, .adv_w = 348, .box_w = 18, .box_h = 6, .ofs_x = 2, .ofs_y = 6},
    {.bitmap_index = 4913, .adv_w = 127, .box_w = 0, .box_h = 0, .ofs_x = 0, .ofs_y = 0},
    {.bitmap_index = 4913, .adv_w = 125, .box_w = 4, .box_h = 23, .ofs_x = 2, .ofs_y = -6},
    {.bitmap_index = 4927, .adv_w = 280, .box_w = 15, .box_h = 24, .ofs_x = 1, .ofs_y = -4},
    {.bitmap_index = 4990, .adv_w = 298, .box_w = 17, .box_h = 22, .ofs_x = 1, .ofs_y = 0},
    {.bitmap_index = 5045, .adv_w = 365, .box_w = 21, .box_h = 22, .ofs_x = 1, .ofs_y = -1},
    {.bitmap_index = 5140, .adv_w = 269, .box_w = 17, .box_h = 22, .ofs_x = 0, .ofs_y = 0},
    {.bitmap_index = 5206, .adv_w = 123, .box_w = 4, .box_h = 27, .ofs_x = 2, .ofs_y = -5},
    {.bitmap_index = 5217, .adv_w = 314, .box_w = 17, .box_h = 31, .ofs_x = 1, .ofs_y = -9},
    {.bitmap_index = 5339, .adv_w = 214, .box_w = 11, .box_h = 4, .ofs_x = 1, .ofs_y = 20},
    {.bitmap_index = 5351, .adv_w = 402, .box_w = 23, .box_h = 23, .ofs_x = 1, .ofs_y = 0},
    {.bitmap_index = 5473, .adv_w = 229, .box_w = 11, .box_h = 13, .ofs_x = 2, .ofs_y = 10},
    {.bitmap_index = 5507, .adv_w = 240, .box_w = 13, .box_h = 13, .ofs_x = 1, .ofs_y = 2},
    {.bitmap_index = 5549, .adv_w = 284, .box_w = 14, .box_h = 7, .ofs_x = 1, .ofs_y = 6},
    {.bitmap_index = 5562, .adv_w = 141, .box_w = 9, .box_h = 3, .ofs_x = 0, .ofs_y = 8},
    {.bitmap_index = 5567, .adv_w = 403, .box_w = 23, .box_h = 23, .ofs_x = 1, .ofs_y = 0},
    {.bitmap_index = 5683, .adv_w = 235, .box_w = 11, .box_h = 3, .ofs_x = 2, .ofs_y = 20},
    {.bitmap_index = 5689, .adv_w = 191, .box_w = 8, .box_h = 8, .ofs_x = 2, .ofs_y = 15},
    {.bitmap_index = 5706, .adv_w = 274, .box_w = 15, .box_h = 20, .ofs_x = 1, .ofs_y = 0},
    {.bitmap_index = 5740, .adv_w = 188, .box_w = 10, .box_h = 13, .ofs_x = 1, .ofs_y = 10},
    {.bitmap_index = 5771, .adv_w = 188, .box_w = 11, .box_h = 13, .ofs_x = 0, .ofs_y = 10},
    {.bitmap_index = 5807, .adv_w = 161, .box_w = 8, .box_h = 5, .ofs_x = 1, .ofs_y = 19},
    {.bitmap_index = 5818, .adv_w = 290, .box_w = 14, .box_h = 23, .ofs_x = 2, .ofs_y = -6},
    {.bitmap_index = 5848, .adv_w = 250, .box_w = 12, .box_h = 22, .ofs_x = 1, .ofs_y = 0},
    {.bitmap_index = 5881, .adv_w = 134, .box_w = 4, .box_h = 4, .ofs_x = 2, .ofs_y = 10},
    {.bitmap_index = 5886, .adv_w = 127, .box_w = 6, .box_h = 7, .ofs_x = 1, .ofs_y = -7},
    {.bitmap_index = 5897, .adv_w = 188, .box_w = 7, .box_h = 13, .ofs_x = 1, .ofs_y = 10},
    {.bitmap_index = 5908, .adv_w = 233, .box_w = 12, .box_h = 13, .ofs_x = 1, .ofs_y = 10},
    {.bitmap_index = 5943, .adv_w = 240, .box_w = 13, .box_h = 13, .ofs_x = 1, .ofs_y = 2},
    {.bitmap_index = 5987, .adv_w = 375, .box_w = 22, .box_h = 23, .ofs_x = 1, .ofs_y = 0},
    {.bitmap_index = 6083, .adv_w = 397, .box_w = 23, .box_h = 23, .ofs_x = 1, .ofs_y = 0},
    {.bitmap_index = 6183, .adv_w = 398, .box_w = 23, .box_h = 23, .ofs_x = 1, .ofs_y = 0},
    {.bitmap_index = 6296, .adv_w = 242, .box_w = 13, .box_h = 23, .ofs_x = 1, .ofs_y = -6},
    {.bitmap_index = 6352, .adv_w = 334, .box_w = 21, .box_h = 29, .ofs_x = 0, .ofs_y = 0},
    {.bitmap_index = 6469, .adv_w = 334, .box_w = 21, .box_h = 29, .ofs_x = 0, .ofs_y = 0},
    {.bitmap_index = 6588, .adv_w = 334, .box_w = 21, .box_h = 29, .ofs_x = 0, .ofs_y = 0},
    {.bitmap_index = 6710, .adv_w = 334, .box_w = 21, .box_h = 29, .ofs_x = 0, .ofs_y = 0},
    {.bitmap_index = 6830, .adv_w = 334, .box_w = 21, .box_h = 28, .ofs_x = 0, .ofs_y = 0},
    {.bitmap_index = 6946, .adv_w = 334, .box_w = 21, .box_h = 31, .ofs_x = 0, .ofs_y = 0},
    {.bitmap_index = 7073, .adv_w = 479, .box_w = 31, .box_h = 22, .ofs_x = -1, .ofs_y = 0},
    {.bitmap_index = 7183, .adv_w = 333, .box_w = 19, .box_h = 28, .ofs_x = 1, .ofs_y = -6},
    {.bitmap_index = 7272, .adv_w = 291, .box_w = 16, .box_h = 29, .ofs_x = 2, .ofs_y = 0},
    {.bitmap_index = 7332, .adv_w = 291, .box_w = 16, .box_h = 29, .ofs_x = 2, .ofs_y = 0},
    {.bitmap_index = 7391, .adv_w = 291, .box_w = 16, .box_h = 29, .ofs_x = 2, .ofs_y = 0},
    {.bitmap_index = 7451, .adv_w = 291, .box_w = 16, .box_h = 28, .ofs_x = 2, .ofs_y = 0},
    {.bitmap_index = 7506, .adv_w = 139, .box_w = 8, .box_h = 29, .ofs_x = -1, .ofs_y = 0},
    {.bitmap_index = 7529, .adv_w = 139, .box_w = 8, .box_h = 29, .ofs_x = 2, .ofs_y = 0},
    {.bitmap_index = 7552, .adv_w = 139, .box_w = 11, .box_h = 29, .ofs_x = -1, .ofs_y = 0},
    {.bitmap_index = 7581, .adv_w = 139, .box_w = 11, .box_h = 28, .ofs_x = -1, .ofs_y = 0},
    {.bitmap_index = 7606, .adv_w = 343, .box_w = 20, .box_h = 22, .ofs_x = 0, .ofs_y = 0},
    {.bitmap_index = 7684, .adv_w = 365, .box_w = 19, .box_h = 29, .ofs_x = 2, .ofs_y = 0},
    {.bitmap_index = 7785, .adv_w = 352, .box_w = 20, .box_h = 29, .ofs_x = 1, .ofs_y = 0},
    {.bitmap_index = 7880, .adv_w = 352, .box_w = 20, .box_h = 29, .ofs_x = 1, .ofs_y = 0},
    {.bitmap_index = 7975, .adv_w = 352, .box_w = 20, .box_h = 29, .ofs_x = 1, .ofs_y = 0},
    {.bitmap_index = 8073, .adv_w = 352, .box_w = 20, .box_h = 29, .ofs_x = 1, .ofs_y = 0},
    {.bitmap_index = 8167, .adv_w = 352, .box_w = 20, .box_h = 28, .ofs_x = 1, .ofs_y = 0},
    {.bitmap_index = 8257, .adv_w = 273, .box_w = 15, .box_h = 15, .ofs_x = 1, .ofs_y = 3},
    {.bitmap_index = 8309, .adv_w = 352, .box_w = 20, .box_h = 24, .ofs_x = 1, .ofs_y = -1},
    {.bitmap_index = 8414, .adv_w = 332, .box_w = 17, .box_h = 29, .ofs_x = 2, .ofs_y = 0},
    {.bitmap_index = 8478, .adv_w = 332, .box_w = 17, .box_h = 29, .ofs_x = 2, .ofs_y = 0},
    {.bitmap_index = 8543, .adv_w = 332, .box_w = 17, .box_h = 29, .ofs_x = 2, .ofs_y = 0},
    {.bitmap_index = 8607, .adv_w = 332, .box_w = 17, .box_h = 28, .ofs_x = 2, .ofs_y = 0},
    {.bitmap_index = 8666, .adv_w = 308, .box_w = 19, .box_h = 29, .ofs_x = 0, .ofs_y = 0},
    {.bitmap_index = 8756, .adv_w = 303, .box_w = 16, .box_h = 22, .ofs_x = 2, .ofs_y = 0},
    {.bitmap_index = 8811, .adv_w = 305, .box_w = 16, .box_h = 25, .ofs_x = 2, .ofs_y = 0},
    {.bitmap_index = 8893, .adv_w = 279, .box_w = 15, .box_h = 23, .ofs_x = 1, .ofs_y = 0},
    {.bitmap_index = 8964, .adv_w = 279, .box_w = 15, .box_h = 23, .ofs_x = 1, .ofs_y = 0},
    {.bitmap_index = 9034, .adv_w = 279, .box_w = 15, .box_h = 23, .ofs_x = 1, .ofs_y = 0},
    {.bitmap_index = 9107, .adv_w = 279, .box_w = 15, .box_h = 24, .ofs_x = 1, .ofs_y = 0},
    {.bitmap_index = 9180, .adv_w = 279, .box_w = 15, .box_h = 22, .ofs_x = 1, .ofs_y = 0},
    {.bitmap_index = 9250, .adv_w = 279, .box_w = 15, .box_h = 26, .ofs_x = 1, .ofs_y = 0},
    {.bitmap_index = 9329, .adv_w = 432, .box_w = 25, .box_h = 17, .ofs_x = 1, .ofs_y = 0},
    {.bitmap_index = 9417, .adv_w = 268, .box_w = 15, .box_h = 23, .ofs_x = 1, .ofs_y = -6},
    {.bitmap_index = 9490, .adv_w = 271, .box_w = 15, .box_h = 23, .ofs_x = 1, .ofs_y = 0},
    {.bitmap_index = 9564, .adv_w = 271, .box_w = 15, .box_h = 23, .ofs_x = 1, .ofs_y = 0},
    {.bitmap_index = 9637, .adv_w = 271, .box_w = 15, .box_h = 23, .ofs_x = 1, .ofs_y = 0},
    {.bitmap_index = 9712, .adv_w = 271, .box_w = 15, .box_h = 22, .ofs_x = 1, .ofs_y = 0},
    {.bitmap_index = 9785, .adv_w = 127, .box_w = 7, .box_h = 23, .ofs_x = -1, .ofs_y = 0},
    {.bitmap_index = 9802, .adv_w = 127, .box_w = 7, .box_h = 23, .ofs_x = 2, .ofs_y = 0},
    {.bitmap_index = 9819, .adv_w = 127, .box_w = 10, .box_h = 23, .ofs_x = -1, .ofs_y = 0},
    {.bitmap_index = 9844, .adv_w = 127, .box_w = 12, .box_h = 22, .ofs_x = -2, .ofs_y = 0},
    {.bitmap_index = 9868, .adv_w = 300, .box_w = 16, .box_h = 25, .ofs_x = 1, .ofs_y = 0},
    {.bitmap_index = 9954, .adv_w = 283, .box_w = 14, .box_h = 24, .ofs_x = 2, .ofs_y = 0},
    {.bitmap_index = 9998, .adv_w = 292, .box_w = 16, .box_h = 23, .ofs_x = 1, .ofs_y = 0},
    {.bitmap_index = 10080, .adv_w = 292, .box_w = 16, .box_h = 23, .ofs_x = 1, .ofs_y = 0},
    {.bitmap_index = 10160, .adv_w = 292, .box_w = 16, .box_h = 23, .ofs_x = 1, .ofs_y = 0},
    {.bitmap_index = 10242, .adv_w = 292, .box_w = 16, .box_h = 24, .ofs_x = 1, .ofs_y = 0},
    {.bitmap_index = 10324, .adv_w = 292, .box_w = 16, .box_h = 22, .ofs_x = 1, .ofs_y = 0},
    {.bitmap_index = 10403, .adv_w = 292, .box_w = 16, .box_h = 16, .ofs_x = 1, .ofs_y = 3},
    {.bitmap_index = 10442, .adv_w = 290, .box_w = 16, .box_h = 21, .ofs_x = 1, .ofs_y = -2},
    {.bitmap_index = 10523, .adv_w = 282, .box_w = 14, .box_h = 23, .ofs_x = 2, .ofs_y = 0},
    {.bitmap_index = 10565, .adv_w = 282, .box_w = 14, .box_h = 23, .ofs_x = 2, .ofs_y = 0},
    {.bitmap_index = 10607, .adv_w = 282, .box_w = 14, .box_h = 23, .ofs_x = 2, .ofs_y = 0},
    {.bitmap_index = 10652, .adv_w = 282, .box_w = 14, .box_h = 22, .ofs_x = 2, .ofs_y = 0},
    {.bitmap_index = 10694, .adv_w = 242, .box_w = 15, .box_h = 29, .ofs_x = 0, .ofs_y = -6},
    {.bitmap_index = 10783, .adv_w = 295, .box_w = 15, .box_h = 29, .ofs_x = 2, .ofs_y = -6},
    {.bitmap_index = 10842, .adv_w = 242, .box_w = 15, .box_h = 28, .ofs_x = 0, .ofs_y = -6}
};

/*---------------------
 *  CHARACTER MAPPING
 *--------------------*/



/*Collect the unicode lists and glyph_id offsets*/
static const lv_font_fmt_txt_cmap_t cmaps[] =
{
    {
        .range_start = 32, .range_length = 95, .glyph_id_start = 1,
        .unicode_list = NULL, .glyph_id_ofs_list = NULL, .list_length = 0, .type = LV_FONT_FMT_TXT_CMAP_FORMAT0_TINY
    },
    {
        .range_start = 160, .range_length = 96, .glyph_id_start = 96,
        .unicode_list = NULL, .glyph_id_ofs_list = NULL, .list_length = 0, .type = LV_FONT_FMT_TXT_CMAP_FORMAT0_TINY
    }
};

/*-----------------
 *    KERNING
 *----------------*/


/*Map glyph_ids to kern left classes*/
static const uint8_t kern_left_class_mapping[] =
{
    0, 1, 0, 2, 0, 0, 0, 0,
    2, 3, 0, 0, 0, 4, 0, 4,
    5, 0, 0, 0, 0, 0, 0, 0,
    0, 0, 0, 0, 0, 0, 0, 0,
    0, 0, 6, 7, 8, 0, 9, 10,
    0, 11, 0, 0, 12, 13, 0, 0,
    14, 15, 16, 17, 0, 18, 19, 20,
    21, 22, 23, 24, 25, 0, 0, 0,
    0, 0, 26, 27, 28, 0, 29, 30,
    0, 0, 0, 0, 31, 0, 0, 32,
    33, 0, 0, 34, 0, 35, 0, 36,
    37, 38, 0, 39, 40, 0, 0, 0,
    0, 0, 0, 0, 0, 0, 0, 0,
    0, 0, 0, 0, 0, 0, 0, 0,
    0, 0, 0, 0, 0, 0, 0, 0,
    0, 0, 0, 0, 0, 0, 0, 0,
    0, 0, 0, 0, 0, 0, 0, 0,
    0, 0, 0, 0, 0, 0, 0, 0,
    0, 0, 0, 0, 0, 0, 0, 0,
    0, 0, 0, 0, 0, 0, 0, 0,
    0, 0, 0, 0, 0, 0, 0, 0,
    0, 0, 0, 0, 0, 0, 0, 0,
    0, 0, 0, 0, 0, 0, 0, 0,
    0, 0, 0, 0, 0, 0, 0, 0
};

/*Map glyph_ids to kern right classes*/
static const uint8_t kern_right_class_mapping[] =
{
    0, 1, 0, 2, 0, 0, 0, 3,
    2, 0, 4, 5, 0, 6, 7, 6,
    8, 0, 0, 0, 0, 0, 0, 0,
    0, 0, 0, 0, 0, 0, 0, 0,
    9, 0, 10, 0, 0, 0, 0, 0,
    0, 0, 0, 11, 0, 0, 0, 0,
    12, 0, 0, 0, 13, 14, 15, 16,
    17, 18, 19, 20, 0, 0, 21, 0,
    0, 0, 22, 0, 23, 0, 0, 24,
    0, 0, 0, 0, 0, 0, 0, 25,
    26, 0, 0, 27, 28, 29, 30, 31,
    32, 33, 0, 34, 0, 0, 35, 0,
    0, 0, 0, 0, 0, 0, 0, 0,
    0, 0, 0, 36, 0, 7, 0, 0,
    0, 0, 0, 0, 0, 0, 0, 0,
    0, 0, 0, 37, 0, 0, 0, 0,
    0, 0, 0, 0, 0, 0, 38, 0,
    0, 0, 0, 0, 0, 0, 0, 0,
    0, 0, 0, 0, 0, 0, 0, 0,
    0, 0, 0, 0, 0, 0, 0, 0,
    0, 0, 0, 0, 0, 0, 39, 0,
    0, 0, 0, 0, 0, 0, 0, 0,
    0, 0, 0, 0, 0, 0, 0, 0,
    40, 0, 0, 0, 0, 0, 0, 0
};

/*Kern values between classes*/
static const int8_t kern_class_values[] =
{
    0, 0, 0, 0, 0, 0, 0, 0,
    0, 0, 0, 0, 0, -10, 0, 0,
    0, 0, 0, 0, 0, 0, 0, 0,
    0, 0, 0, 0, 0, 0, 0, 0,
    0, 0, 0, 0, 0, 0, 0, 0,
    0, -27, 0, 0, 0, 0, 0, 0,
    0, -30, 0, 0, 0, 0, 0, 0,
    0, 0, 0, 0, 0, -12, -15, 0,
    -5, -15, 0, -20, 0, 0, 0, 3,
    0, 0, 0, 0, 0, 0, 0, 0,
    0, 0, 0, 0, 0, 0, 0, 0,
    0, 0, 0, 0, 0, 0, 0, 5,
    5, 0, 6, 0, 0, 0, 0, 0,
    0, 0, 0, 0, 0, 0, 0, 0,
    0, 0, 0, 0, 0, 0, 0, 0,
    0, -42, 0, 0, 0, 0, 0, 0,
    0, 0, 0, 0, 0, 0, 0, 0,
    0, 0, 0, 0, 0, 0, 0, 0,
    0, 0, 0, 0, 0, 0, 0, 0,
    0, 0, 0, 0, 0, 0, 0, 0,
    0, 0, 0, 0, 0, 0, 0, -56,
    0, 0, 0, 0, 0, 0, 0, 0,
    0, 0, 0, 0, 0, 0, 0, 0,
    0, 0, 0, 0, 0, 0, 0, 0,
    0, 0, 0, 0, 0, 0, 0, 0,
    0, -30, 0, 0, 0, 0, 0, 0,
    -15, 0, 0, -3, 0, -32, -4, -22,
    -17, 0, -23, 0, 0, 0, 0, 0,
    0, -3, 0, 0, -4, -3, -12, -8,
    0, 3, 0, 0, 0, 0, 0, 0,
    0, 0, 0, 0, 0, 0, 0, 0,
    0, 0, 0, 0, 0, -7, 0, -6,
    0, 0, -14, 0, 0, 0, 0, 0,
    0, 0, 0, 0, 0, 0, 0, 0,
    0, 0, 0, 0, 0, 0, 0, 0,
    0, 0, 0, -6, 0, 0, 0, 0,
    0, 0, 0, 0, 0, -7, 0, 0,
    0, 0, 0, 0, -3, 0, 0, 0,
    0, 0, 0, 0, 0, 0, 0, 0,
    0, 0, -4, 0, 0, 0, 0, 0,
    0, 0, 0, 0, 0, 0, 0, 0,
    0, 0, 0, 0, 0, 5, 0, 0,
    0, 0, 0, 0, 0, 0, -5, -4,
    0, -5, 0, 0, 0, -4, -6, -5,
    0, 0, 0, 0, 0, 0, 0, 0,
    0, 0, 0, 0, 0, -58, 0, 0,
    0, -42, -66, 0, 0, 5, 0, 0,
    0, 0, 0, 0, 0, -8, -5, 0,
    0, -5, -6, 0, 0, -5, -6, 0,
    0, 0, 0, 0, 0, 0, 0, 0,
    0, 0, 0, 0, 0, 0, 0, 0,
    0, 5, 0, 0, 0, -7, 0, 0,
    0, 4, -7, 0, 0, 0, 0, 0,
    0, 0, 0, 0, 0, 0, 0, 0,
    0, 0, 0, 0, 0, 0, 0, 0,
    0, 0, 0, 0, 0, 0, -16, 0,
    0, 0, 0, -8, 0, 0, 0, 0,
    0, 0, 0, 0, 0, 0, -6, 0,
    -6, -7, 0, 0, 0, -6, -10, -16,
    0, 0, 0, 0, 0, 0, 0, 0,
    0, -84, 0, 0, 0, 0, 0, 0,
    0, 5, 0, -16, 0, -69, -13, -44,
    -36, 0, -60, 0, 0, 0, 0, 0,
    0, 0, 0, 0, 0, -11, -33, -23,
    0, 0, 0, 0, 0, 0, 0, 0,
    0, 0, 0, 0, 0, -25, 0, 0,
    0, -5, 0, 0, 0, -7, 0, -5,
    0, -5, -11, -6, 0, 0, 0, 0,
    0, 0, 0, 0, 0, 0, 0, 0,
    0, 0, 0, 0, 0, -8, 0, 0,
    0, 0, 0, 0, 0, -81, 0, 0,
    0, -34, -50, 0, 0, 0, 0, 0,
    0, -8, 0, -6, 0, -3, -3, 0,
    0, -3, 0, 0, 4, 0, 4, 0,
    0, 0, 0, 0, 0, -24, 0, 0,
    0, 0, 0, 0, 0, 0, 0, 0,
    0, 0, 0, 0, 0, -11, 0, -7,
    -5, 0, -9, 0, 0, 0, 0, 0,
    0, 0, 0, 0, 0, 0, 0, 0,
    0, 0, 0, 0, 0, 0, 0, 0,
    0, 0, 0, 0, 0, 0, 0, 0,
    0, 0, 0, 0, 0, -20, 0, -5,
    0, 0, -12, 0, 0, 0, 0, 0,
    0, 0, 0, 0, 0, 0, 0, 0,
    0, 0, 0, 0, 0, 0, 0, 0,
    -10, 0, 0, 0, 0, -54, -58, 0,
    0, -20, -60, -7, -4, 4, 0, 4,
    4, 0, 4, 0, 0, -28, -25, 0,
    -27, -25, -19, -29, 0, -24, -18, -14,
    -19, -15, 0, -82, -54, -45, -28, -24,
    0, 0, 0, 0, 0, 0, 0, 0,
    0, -5, 0, 0, 0, 0, 0, 0,
    0, 0, 0, 0, 0, 0, 0, 0,
    0, 0, 0, 0, 0, 0, 0, 0,
    0, 0, 0, 0, 0, 0, 0, 0,
    0, 0, 0, 5, 0, -56, -9, 0,
    0, -19, 0, -3, 0, 0, 0, 0,
    0, 0, 0, 0, 4, -11, -11, 0,
    0, -11, -7, 0, 0, -7, -3, 0,
    0, 0, 5, 0, 0, 0, 0, 0,
    0, 0, 0, 4, 0, -31, -15, 0,
    0, -11, 0, 0, 0, 4, 0, 0,
    0, 0, 0, 0, 3, -8, -8, 0,
    0, -8, -5, 0, 0, -5, 0, 0,
    0, 0, 4, 0, 0, 0, 0, 0,
    0, 0, 0, 0, 0, 0, -11, 0,
    0, 0, 0, -6, 0, 0, 0, 4,
    0, 0, 0, 0, 0, 0, -6, 0,
    0, -5, 0, 0, 0, -5, -8, 0,
    0, 0, 0, 0, 0, 0, 0, 0,
    0, 0, -7, 5, -12, -53, -13, 0,
    0, -23, -24, -7, -4, 4, -24, 5,
    4, 3, 5, 0, 5, -18, -16, -5,
    -10, -16, -10, -14, -5, -10, -5, 0,
    -6, -7, 5, -20, -13, -24, -16, -16,
    0, 0, 0, 0, 0, 0, 0, 0,
    0, 3, 0, -6, 0, 0, 0, 0,
    0, 0, 0, 0, 0, 0, -5, 0,
    0, -5, 0, 0, 0, -5, -7, -7,
    0, 0, 0, 0, 0, 0, 0, 0,
    0, 0, 0, 0, 0, 0, 0, 0,
    0, 0, -4, 0, 0, 0, -4, 0,
    0, 0, 0, 0, 0, 0, 0, 0,
    0, 0, 0, 0, 0, 0, 0, 0,
    0, 0, 0, 0, 0, 0, 0, 0,
    0, -17, 0, 0, 0, 0, 0, 0,
    0, 0, 0, 0, 0, 0, 0, 0,
    0, 0, 0, 0, 0, 0, 0, 0,
    0, 0, 0, 0, 0, 0, -4, 0,
    0, 0, 0, 0, 0, 0, 0, 0,
    0, -7, 0, 0, 0, 0, 0, 0,
    0, 0, 0, 0, 0, 0, 0, 0,
    0, 0, 0, 0, 0, 0, 0, 0,
    0, 0, 0, 0, 0, 0, -3, 0,
    -4, -4, 0, 0, 0, 0, 0, 0,
    0, -3, 0, 0, 0, 0, 0, 0,
    0, 0, 0, 0, 0, 0, 0, 0,
    0, 0, 0, 0, 0, 0, 0, 0,
    0, 0, 0, 0, 0, 0, 0, 0,
    0, 0, 0, 0, 0, 0, 0, 0,
    0, -3, 0, 0, 0, 0, 0, 0,
    0, 0, 0, 0, 0, 0, 0, 0,
    0, 0, 0, 0, 0, 0, 0, 0,
    0, 0, 0, 0, 0, 0, -3, 0,
    0, 0, 0, 0, 0, 0, 0, 0,
    0, 4, 0, 5, 0, 0, 0, 0,
    0, 0, 0, 0, 0, 0, 0, 0,
    0, 0, 0, 0, 5, 0, -6, 0,
    0, 0, 0, 0, 0, 0, 0, 0,
    0, 0, 5, 0, 0, 0, 0, 0,
    0, 0, 0, 0, 0, 0, 0, 0,
    0, 0, 0, 0, 0, 0, 0, 0,
    0, 0, 0, 0, 0, 0, -5, 0,
    0, 0, 0, 0, 0, 0, 0, 0,
    0, 0, 0, 0, 0, 0, 0, 0,
    0, -26, 0, 0, 0, 0, 0, 0,
    0, 0, 0, 0, 0, 0, 0, 0,
    0, 0, 0, 0, 0, 0, 0, 0,
    0, 0, 0, 0, 0, 0, 0, 0,
    0, 0, 0, 0, 0, 0, 0, 0,
    0, -34, 0, 0, 0, 0, 0, 0,
    0, 0, 0, 0, 0, 0, 0, 0,
    0, 0, 0, 0, 0, 0, 0, 0,
    0, 0, 0, 0, 0, 0, -4, 0,
    -5, -4, 0, 0, 0, 0, 0, 0,
    0, 4, 0, 0, 0, -31, 0, 0,
    0, 0, 0, 0, 0, 0, 0, 0,
    0, 0, 0, 0, 0, -10, -5, 4,
    0, -5, 0, 0, 13, 0, 5, 4,
    0, 0, 0, 0, 0, 0, 0, 0,
    0, 0, 0, 0, 0, 0, 0, 0,
    0, 0, 0, 0, 0, 0, 0, 0,
    0, 0, 0, 0, 0, 0, 0, 0,
    0, -5, 0, 0, 0, 0, 0, 0,
    0, 0, 0, 0, 0, 0, 0, 0,
    0, 4, 0, 0, 0, -27, 0, 0,
    0, 0, 0, 0, 0, 0, 0, 0,
    0, 0, 0, 0, 0, -4, -3, 3,
    0, -4, 0, 0, 0, 0, 0, 0,
    0, 0, 0, 0, 0, 0, 0, 0,
    0, 0, 0, 0, 0, -31, 0, 0,
    0, 0, 0, 0, 0, 0, 0, 0,
    0, 0, 0, 0, 0, 0, 0, 0,
    0, 0, 0, 0, 0, 0, 0, 0,
    0, 0, 0, 0, 0, 0, 0, 0,
    0, 0, 0, 0, 0, 0, 0, 0,
    0, 0, 0, 0, 0, 0, 0, 0,
    0, 0, 0, 0, 0, 0, -5, 0,
    0, -5, 0, 0, 0, 0, 0, 0,
    0, 0, 0, 0, 0, 0, 0, 0,
    0, 0, 0, 0, 0, 0, 0, 0,
    0, 0, 0, 0, 0, 0, 0, 0,
    0, 0, 0, 0, 0, 0, -4, 0,
    0, -4, 0, 0, 0, 0, 0, 0,
    0, 0, 0, 0, 0, 0, 0, 0,
    0, 0, 0, 0, 0, 0, 0, 0,
    0, 0, -5, 0, 0, 0, -5, 0,
    0, 0, 0, 0, 0, 0, 0, 0,
    0, 0, 0, 0, 0, 0, 0, 0,
    0, 0, 0, 0, 0, 0, 0, 0
};


/*Collect the kern class' data in one place*/
static const lv_font_fmt_txt_kern_classes_t kern_classes =
{
    .class_pair_values   = kern_class_values,
    .left_class_mapping  = kern_left_class_mapping,
    .right_class_mapping = kern_right_class_mapping,
    .left_class_cnt      = 40,
    .right_class_cnt     = 40,
};

/*--------------------
 *  ALL CUSTOM DATA
 *--------------------*/

#if LVGL_VERSION_MAJOR == 8
/*Store all the custom data of the font*/
static  lv_font_fmt_txt_glyph_cache_t cache;
#endif

#if LVGL_VERSION_MAJOR >= 8
static const lv_font_fmt_txt_dsc_t font_dsc = {
#else
static lv_font_fmt_txt_dsc_t font_dsc = {
#endif
    .glyph_bitmap = glyph_bitmap,
    .glyph_dsc = glyph_dsc,
    .cmaps = cmaps,
    .kern_dsc = &kern_classes,
    .kern_scale = 16,
    .cmap_num = 2,
    .bpp = 2,
    .kern_classes = 1,
    .bitmap_format = 1,
#if LVGL_VERSION_MAJOR == 8
    .cache = &cache
#endif
};



/*-----------------
 *  PUBLIC FONT
 *----------------*/

/*Initialize a public general font descriptor*/
#if LVGL_VERSION_MAJOR >= 8
const lv_font_t ui_font_roboto_32 = {
#else
lv_font_t ui_font_roboto_32 = {
#endif
    .get_glyph_dsc = lv_font_get_glyph_dsc_fmt_txt,    /*Function pointer to get glyph's data*/
    .get_glyph_bitmap = lv_font_get_bitmap_fmt_txt,    /*Function pointer to get glyph's bitmap*/
    .line_height = 40,          /*The maximum line height required by the font*/
    .base_line = 9,             /*Baseline measured from the bottom of the line*/
#if !(LVGL_VERSION_MAJOR == 6 && LVGL_VERSION_MINOR == 0)
    .subpx = LV_FONT_SUBPX_NONE,
#endif
#if LV_VERSION_CHECK(7, 4, 0) || LVGL_VERSION_MAJOR >= 8
    .underline_position = -2,
    .underline_thickness = 2,
#endif
    .dsc = &font_dsc,          /*The custom font data. Will be accessed by `get_glyph_bitmap/dsc` */
#if LV_VERSION_CHECK(8, 2, 0) || LVGL_VERSION_MAJOR >= 9
    .fallback = NULL,
#endif
    .user_data = NULL,
};



#endif /*#if UI_FONT_ROBOTO_32*/

